TaxMPD,TaxMNTD,TaxDis,TaxPos
0.396292455276121,0.0212370005473454,1.71375424134516,0.336532135568463
0.400267506157535,0.0198791872597474,1.72354914319387,0.356024178930524
0.395834893331764,0.0205882352941176,1.71339273654372,0.354001810527254
0.393155510274863,0.0199561403508772,1.70747780432038,0.367692456309309
0.391573193563178,0.0236133992311917,1.70353676446948,0.36975547758181
0.394744790311859,0.0218201754385965,1.7102105289178,0.390168389485347
0.395028186744021,0.0186225895316804,1.71151419295042,0.338685943582309
0.39371781338963,0.0224034801522567,1.70869017445789,0.357318218396229
0.39614979619873,0.0224052718286656,1.71420729764257,0.366604384032879
0.399468612429612,0.0192202086765513,1.72273405473863,0.3426934017147
0.395037161870193,0.0229885057471264,1.71106803164229,0.360664893493374
0.405188421916792,0.0204878048780488,1.73502402708631,0.36857177193346
0.394425260707889,0.0199119911991199,1.71047108035459,0.375308446213789
0.39298237803747,0.0192222222222222,1.70776412589945,0.375068190233941
0.400718424395982,0.0244920373421197,1.72471941817718,0.315980253118898
0.396555042654183,0.0200988467874794,1.71555465373246,0.346546930071937
0.396446924776189,0.0202945990180033,1.71581835539256,0.36922803385296
0.391002372964569,0.0221122112211221,1.70294603454944,0.355605994379793
0.396823273760654,0.0206479956068094,1.71619756444435,0.342961596248395
0.39277750882289,0.0199891950297137,1.70645713418442,0.359395178488208
0.39785175180742,0.0196205962059621,1.71779840469636,0.354839329612269
0.396075264475491,0.0213114754098361,1.71378156641968,0.333139622739915
0.389213886421348,0.0226229508196721,1.69808786385972,0.382288865881628
0.391364408269493,0.0213069741900055,1.70145199897137,0.388566188815073
0.392775041050903,0.0216393442622951,1.70600375867054,0.347668667457315
0.397859403450967,0.0236842105263158,1.71872625788334,0.350865653151637
0.391619854233284,0.0237547892720307,1.70352107308892,0.367625716753013
0.398432244908768,0.0246070460704607,1.71934195651365,0.328184738092023
0.398232702540221,0.0233879781420765,1.71954782883647,0.365623631164891
0.39878356310876,0.0203947368421053,1.72020009600069,0.364686568618522
0.391256970433633,0.020989668297988,1.70322490737884,0.377967045535694
0.392249948405969,0.0229508196721311,1.70535232300927,0.345199205609568
0.398528612097367,0.0220772158781947,1.7188165017337,0.356785248870139
0.393199359645122,0.0252045826513912,1.70774699470255,0.36658257474524
0.401970949975115,0.0205638474295191,1.72728664337818,0.417173010850394
0.394987468671679,0.0194854953475643,1.71151218260138,0.336796949156191
0.394099046268263,0.0238723872387239,1.70867072915818,0.345577605809699
0.396180244054059,0.0227347611202636,1.71414077222409,0.354757669908348
0.393506315211422,0.0216008771929825,1.70860345673506,0.327562652373268
0.391857784907078,0.0230263157894737,1.70478266973763,0.393360580549828
0.396273730302768,0.0215654077723043,1.71462943630462,0.364419740860648
0.397108221845362,0.0226229508196721,1.71621309602507,0.375015867460794
0.39710183639399,0.0212222222222222,1.71706254596342,0.332865831943309
0.397722325410285,0.0224043715846995,1.71743370585796,0.376372895529219
0.399059143391198,0.0212765957446809,1.7216025458419,0.327119185623905
0.401276339554485,0.0233608815426997,1.72598745667263,0.345467302464119
0.403273269380347,0.0226600985221675,1.72927882333754,0.356970631070489
0.394473630078792,0.0208401527550464,1.71008241409093,0.356065700034565
0.398918909250266,0.0220403709765412,1.72052831055155,0.305814495506852
0.396429037768417,0.0220403709765412,1.71501603197378,0.338443360740806
0.401277582303685,0.0198019801980198,1.72573491454907,0.339589472711913
0.396922591764943,0.0224052718286656,1.71537620645899,0.347821620423935
0.393443344334433,0.0225522552255226,1.70689129055428,0.380602491564764
0.40009600960096,0.0218921892189219,1.72325049316975,0.326704645948958
0.39415615673438,0.0210239651416122,1.71008034824624,0.358890877338102
0.397444401875468,0.0224793388429752,1.71787077973438,0.363680121753196
0.393924466338259,0.0207991242474001,1.70928619038903,0.36176021012154
0.394556625794854,0.0205128205128205,1.71060017815798,0.35932604659484
0.397673501156852,0.0230560087003806,1.71789328992209,0.334728444456514
0.395853791598472,0.0194989106753813,1.71330667529392,0.399637417249174
0.395967730281222,0.0197368421052632,1.71365601124488,0.368626491373192
0.393987998470358,0.0180120812740253,1.70935990707444,0.377311846861514
0.397238066430444,0.0188286808976464,1.71633371707864,0.317679835409733
0.39721141935298,0.0218938149972633,1.71660357023328,0.363502569292102
0.394716572151449,0.0229544206479956,1.71034568857481,0.40083108042895
0.393909506055088,0.0213815789473684,1.708071118196,0.400736491357313
0.402349325841675,0.0196919691969197,1.7280693848257,0.310759010255472
0.393679601302106,0.021455938697318,1.70934078706607,0.323588871668539
0.398715712841977,0.0221494817239498,1.71909342008722,0.361294682736469
0.394928531050634,0.02,1.71191424584351,0.373309145530614
0.393647492383194,0.0210468319559229,1.70775609543201,0.379545440667839
0.39239925704595,0.0194535519125683,1.70604119227887,0.379995374895255
0.398783022938217,0.0215686274509804,1.72142025107217,0.301860038163162
0.396900296718809,0.0215654077723043,1.71528839583206,0.364980769903983
0.393855332814995,0.0204283360790774,1.70906423107897,0.353855744549225
0.399473250671985,0.0205043859649123,1.72132515873328,0.323366686759265
0.395262437742871,0.0235812672176309,1.71220076218661,0.369703734116223
0.397266874081756,0.0198139025725233,1.7176525343739,0.343173208447425
0.397554813578186,0.0226666666666667,1.71760061547418,0.312329941264077
0.398002378972034,0.0198581560283688,1.71915765680715,0.353821858057339
0.398013764390248,0.0255737704918033,1.71803222159974,0.372102682585793
0.395887419173084,0.0210583742498636,1.71356638926095,0.383993945170067
0.397205333905718,0.0234588106928533,1.71505885540325,0.303131891282053
0.398933495929741,0.0196078431372549,1.7214033678175,0.363991021271832
0.399631474285297,0.0219283746556474,1.72226063456968,0.366574863008767
0.394063770013365,0.0201320132013201,1.70922061661771,0.333905974550057
0.401849516603615,0.0202945990180033,1.72724456556908,0.323230603568131
0.395491602569643,0.0201423097974822,1.71329002923615,0.365739928726144
0.394467676383678,0.0192371475953566,1.71076955778549,0.387907147094495
0.397270069216066,0.0223706176961603,1.71626734126179,0.372281128444921
0.393413075014214,0.0200868621064061,1.70802302301779,0.342945021212524
0.394485077763766,0.0211674849972722,1.71008259658603,0.38904634898575
0.398830189691717,0.0234588106928533,1.72061808594698,0.364507612839145
0.399957071181347,0.0210583742498636,1.72290233453254,0.368141251523107
0.401927280024812,0.0203856749311295,1.72721333251666,0.341056650850742
0.394863595771037,0.0215654077723043,1.71092393511522,0.351342382976411
0.392331781025959,0.0224043715846995,1.70523895204774,0.370715359721651
0.396597096188748,0.0189381499726327,1.71401868423995,0.343495188694266
0.394046719334207,0.0204283360790774,1.70966255986687,0.344629921528948
0.394268120050348,0.0205882352941176,1.70975766269365,0.354742587410021
0.395387298435781,0.0216039279869067,1.71268557847507,0.377645602975791
0.396725618455409,0.0225136612021858,1.71432895340437,0.353806797720166
0.394894909589806,0.0209774848984075,1.71174832864942,0.371314491774449
0.398377409039841,0.0225506294471812,1.71947308006509,0.358156731495206
0.396884995132805,0.0226579520697168,1.71517165104368,0.380616978788542
0.391379310344828,0.0241926655719759,1.70175185199757,0.401831857719879
0.394229368243404,0.0222958057395143,1.71077680846544,0.361979486601409
0.39416368318573,0.0228415300546448,1.70954017717022,0.366870916407041
0.398511552527482,0.0214246873300707,1.71958629733276,0.365229577591159
0.398589105135176,0.0222950819672131,1.71897630284446,0.373104816515834
0.399051672680061,0.0219326818675353,1.72012038935933,0.362365189345281
0.398995755830126,0.0242622950819672,1.72019388909013,0.38446547460152
0.397344393621143,0.0228384991843393,1.7173596712431,0.364606063647611
0.39273570045377,0.0219298245614035,1.7069123846111,0.377664317294096
0.396425309293556,0.0203371397498641,1.71517468742089,0.336611216936909
0.395601791835912,0.0200328407224959,1.71245847387019,0.352924319991447
0.395744462982089,0.0215718157181572,1.7131302914483,0.318292518947651
0.394733241148849,0.0213464696223317,1.70951286830846,0.380605440752964
0.391133295147697,0.023982398239824,1.70325195583281,0.367379965891307
0.394223263075722,0.020655737704918,1.70943148436139,0.343587635449302
0.390464681060146,0.0190789473684211,1.70164671925341,0.403113109605606
0.388920267143046,0.020479302832244,1.69731933665236,0.394230988516192
0.399115703746492,0.0225490196078431,1.72002490261697,0.370972770414141
0.40124265017882,0.0236383442265795,1.72546203458845,0.372135406036547
0.390986379043582,0.0199672667757774,1.70224160159101,0.350367702543191
0.397248747913189,0.0223333333333333,1.71662235701085,0.362943687278558
0.399424953934286,0.020495867768595,1.72125963388788,0.395191385215265
0.395032257485621,0.0217486338797814,1.71182885186096,0.36171936659244
0.397772500525942,0.0177559912854031,1.71798828895542,0.322673142075142
0.39450203418897,0.0220385674931129,1.70893005458393,0.375730021366355
0.398609204375174,0.0201092896174863,1.71966115662054,0.35988917437276
0.394393262811064,0.0217105263157895,1.71051283012,0.367792069156163
0.39443891759286,0.0213507625272331,1.71060163670171,0.361335726969926
0.399823583486989,0.0206297502714441,1.72235114425153,0.321701173522332
0.395727151583447,0.0212765957446809,1.71314233981616,0.409276413149618
0.396073425524371,0.0235423542354235,1.71312582380915,0.367895840778316
0.390965920548498,0.0192665571975917,1.70332346667441,0.354668954668984
0.395917812539079,0.0210873146622735,1.71408355718892,0.371836617388137
0.39324908234342,0.0224780701754386,1.70786571454598,0.378538163953695
0.392729487116751,0.0210873146622735,1.70727983455444,0.362560630242307
0.395341642215582,0.0220765027322404,1.71262913834518,0.308895915275887
0.399185783406223,0.0212765957446809,1.7210230748975,0.327960848842993
0.392909990152256,0.0231788079470199,1.70722262941119,0.368411611270532
0.395159060216612,0.018657937806874,1.71148905514207,0.360830999789799
0.394819207068946,0.0234588106928533,1.71087648807307,0.33557999572526
0.397872877035765,0.0231314784506274,1.71806008411684,0.360327861495833
0.39394059724719,0.0202945990180033,1.70885739330086,0.343426187108897
0.395233053899116,0.0213464696223317,1.71175220377971,0.36353203910825
0.397187418711523,0.0211622807017544,1.71583730876779,0.327870870099067
0.397857050943974,0.0216364634816035,1.71844071336991,0.360679389963168
0.397784157477216,0.0210583742498636,1.71717892653333,0.368369110992758
0.392017012570998,0.0224043715846995,1.70485367890506,0.348458259677492
0.400023122055551,0.0191885964912281,1.7238993033806,0.307559043737313
0.394922541113905,0.0218201754385965,1.71091432158963,0.371995695424435
0.395969283913564,0.0195496979681494,1.71443694067494,0.398006710948713
0.385801612763375,0.0203947368421053,1.68910912347754,0.388547732422145
0.397345684955197,0.0226579520697168,1.71720364058352,0.352105168986814
0.398361553025205,0.020655737704918,1.7196399565551,0.31294169486069
0.39508800832394,0.0201754385964912,1.71185471044896,0.372050770757587
0.397172244862568,0.0212719298245614,1.71673807658833,0.330763382942806
0.393484158959553,0.0205381658429434,1.70889211965134,0.372942638757188
0.395013930882277,0.0207383279044517,1.71191567613483,0.356761680492735
0.39280724837671,0.0203703703703704,1.70621136382151,0.390476302412749
0.393298959882189,0.0201525054466231,1.70822519322389,0.36338437760021
0.399752254198715,0.023864258347017,1.72330983191359,0.332909262575874
0.398669321477602,0.0226622662266227,1.71915543779827,0.334047563180505
0.395276982243679,0.0221122112211221,1.7116120445709,0.326424630333575
0.39486649109526,0.0225122349102773,1.71031482025369,0.377111948960073
0.395846276705519,0.0226229508196721,1.71354678073503,0.35092718679632
0.395380763950577,0.0215300546448087,1.71203745164007,0.394440754596714
0.391153193585463,0.0207162534435262,1.70200700827597,0.394690945417809
0.397905622522714,0.0215266337177375,1.71815771414932,0.360102162576476
0.397838720590606,0.0212812160694897,1.71786219089108,0.346877800532544
0.395305861441082,0.0205043859649123,1.7123587256768,0.362027551735596
0.401163134830219,0.0222222222222222,1.72591220901884,0.310659857152097
0.394712274921241,0.0228070175438597,1.71122318528796,0.381097138413473
0.393784287819227,0.0240527182866557,1.70886767766166,0.395259076608086
0.394000717923566,0.023599782490484,1.70811270161141,0.389709844433433
0.394993135750626,0.0204371584699454,1.71209315349608,0.347138163290486
0.397078548657092,0.0220772158781947,1.71575607202685,0.332673131982672
0.399020350784708,0.0233995584988962,1.72129018737989,0.346246793749902
0.39864905814229,0.0205638474295191,1.71947019628312,0.351499545431495
0.389763689167836,0.0205962059620596,1.69945710713774,0.393406769330303
0.398949752883031,0.0232456140350877,1.72057290322611,0.366085896483726
0.395035983698951,0.0228070175438597,1.71135707896862,0.369850920476549
0.395674229696446,0.0196595277320154,1.71371393274532,0.348032625350886
0.397339879765311,0.0225877192982456,1.71610125702676,0.363969395674178
0.398961148174126,0.0229544206479956,1.72066593002575,0.38792912687737
0.400568521359929,0.0236065573770492,1.72309384408518,0.370768495944532
0.40274346132443,0.0218888888888889,1.72940516939937,0.378749851720648
0.393713967723984,0.0195555555555556,1.70903850053271,0.356775505063418
0.395669880002827,0.0209774848984075,1.71229084835281,0.373844579763299
0.397261142918246,0.0208676551345415,1.71670853899948,0.345272840883342
0.398724797151052,0.0202283849918434,1.71923631553436,0.368775724729316
0.392815572948023,0.0188429752066116,1.70659366901705,0.385343076043115
0.39494137642958,0.0216748768472906,1.71061603255182,0.359507312125416
0.391453490046956,0.0200328407224959,1.70388024291967,0.362758371949415
0.396747512270407,0.0226229508196721,1.71578183544082,0.370557863301807
0.394262335324442,0.0228822882288229,1.70910704289261,0.400547090791351
0.391033106605554,0.0240527182866557,1.70374070937738,0.384573677372924
0.392085097801976,0.0227695675971538,1.70499181130399,0.360403312507236
0.398512587906677,0.0210816777041943,1.71902963080363,0.329724267514834
0.39496155123063,0.0229508196721311,1.71119733095091,0.331733984568685
0.395214227390598,0.0192349726775956,1.71222443710328,0.392214519013016
0.39903935084829,0.0209429824561404,1.72082513627105,0.348636762752764
0.399462623548604,0.0187058183795541,1.72154828441316,0.37487926767566
0.391602191520635,0.0187808896210873,1.7039973582191,0.334948982033383
0.394339835260658,0.0207310420076378,1.70974888099173,0.406052513492681
0.39084416902801,0.0191869918699187,1.70203188787814,0.373742761262357
0.398966525509175,0.0220032840722496,1.71923256883665,0.373994925733197
0.396765441197722,0.0208333333333333,1.71568211597876,0.397419754708394
0.398059473925514,0.021642196846112,1.71888849282121,0.356153125211405
0.394471632255691,0.0215300546448087,1.71115535418412,0.349999971516777
0.398500080650569,0.0211971444261395,1.71919537319631,0.346047367202436
0.395892583600682,0.0226973684210526,1.71405832345066,0.356191261308884
0.391008102506124,0.0221857923497268,1.70096090382715,0.400921904647569
0.392209032095974,0.0198907103825137,1.70613831393789,0.350366965018845
0.394599916182549,0.0208333333333333,1.70990860658143,0.37372595851206
0.397304785668929,0.0233496999454446,1.71689968634998,0.340529734000251
0.394067784403538,0.0225506294471812,1.70976769840387,0.359402099519182
0.393411664065912,0.0226249313563976,1.70844122643974,0.356225366697224
0.39534334366145,0.0233062330623306,1.71238561769335,0.346570016123645
0.387400051199209,0.0203794037940379,1.69382979862109,0.389103041505035
0.395011137477384,0.0222222222222222,1.71111731239029,0.376127053619809
0.395292855034746,0.0212765957446809,1.7120845156432,0.334272060069482
0.398002109887569,0.0231359649122807,1.71875469402378,0.345998863718874
0.391845092286019,0.0229508196721311,1.70392749174507,0.366970816225182
0.393522624989772,0.0235423542354235,1.70835851455603,0.386408789509166
0.39276218530944,0.021012101210121,1.7061536522489,0.385600249398612
0.396141544451932,0.0214596949891068,1.71407208364737,0.343941014072995
0.394587531240768,0.0210873146622735,1.71194027554476,0.34649055949425
0.394750525739636,0.0221127531472359,1.71012251981827,0.339570177749774
0.394390634362731,0.0213857064920895,1.71068180771167,0.338445762150904
0.395346291498292,0.0244698205546493,1.71204696322545,0.342957371615812
0.392096664211876,0.0225522552255226,1.7034014618271,0.407592960133236
0.398095391412448,0.0222585924713584,1.7180138453648,0.408990537679736
0.393023552806816,0.0220385674931129,1.7076930928748,0.315769144447936
0.397253986566857,0.0229132569558101,1.71595179976273,0.351977393030744
0.388918387728483,0.0204458945078847,1.69688349787328,0.372671546898495
0.3973275961733,0.0203947368421053,1.71713817630528,0.373830024970641
0.396539937216603,0.023240589198036,1.7151109552337,0.331336628480456
0.401826146370815,0.0187808896210873,1.72674731197446,0.363912083601114
0.398807407728547,0.0223684210526316,1.72139446098912,0.366266945542009
0.395655582531287,0.0226973684210526,1.71236289478635,0.355400777899209
0.396270137722174,0.0197693574958814,1.71495413292145,0.377836363847646
0.392177768047726,0.0193939393939394,1.70463071742502,0.369264198405262
0.393270702665841,0.0207650273224044,1.70800905042614,0.398429248861618
0.397130652109692,0.0198791872597474,1.71765692276294,0.36357253878686
0.403900174363253,0.024400871459695,1.73212102308776,0.331374614772128
0.389764462031279,0.02,1.69904769601082,0.37338042391872
0.396796872741987,0.0228070175438597,1.71489880664718,0.364512442153685
0.395737239974837,0.0205546492659054,1.71396996773127,0.357648086353926
0.398456403838131,0.0214596949891068,1.71973116496315,0.353109643384415
0.395654859967051,0.0234649122807018,1.71358769032548,0.348503790676547
0.392766459512508,0.0226249313563976,1.7074162473447,0.378103875712513
0.39490032552646,0.0210180623973727,1.7107142445427,0.375092393717034
0.39434126622128,0.0208401527550464,1.70868905498533,0.404595881243412
0.400224789672898,0.0220011055831951,1.72391078399831,0.328912661893889
0.395643848645545,0.0217486338797814,1.71370812246078,0.351880101768715
0.393767172021236,0.0223691460055096,1.70867103962692,0.37547923784443
0.396117257530485,0.0205464480874317,1.71453994310731,0.34301505347664
0.401297725367785,0.0239035087719298,1.72572339487216,0.35543300078867
0.392537859805876,0.0210984230560087,1.70718963185527,0.310001628548623
0.39501095579226,0.021822149481724,1.71182108248619,0.380799807853482
0.394916534398774,0.0229201101928375,1.71245924481962,0.342838024530753
0.401142794592524,0.0221487603305785,1.72581553836319,0.338292823643773
0.393289007330839,0.0204371584699454,1.70686739148578,0.382789354503684
0.39960791678964,0.0236770321876705,1.72125473125484,0.365526880967979
0.396356774257018,0.0224768139661757,1.7145096092642,0.377045969243498
0.389314023706336,0.0170491803278689,1.69903534611606,0.384078743730512
0.396287536496648,0.0242723778143877,1.71397309175427,0.360054839396766
0.401270417422868,0.023535851122058,1.72637618958979,0.353100960832295
0.396973178415561,0.0224780701754386,1.71624224588274,0.403146160948135
0.38897874479852,0.0201525054466231,1.69866318546129,0.392556799423197
0.39784211774579,0.0228099173553719,1.71748170985547,0.338670424808271
0.394027295485747,0.0173770491803279,1.71001419492164,0.342974550015577
0.394885031257546,0.0208401527550464,1.71164961151984,0.355431123685093
0.395971538040504,0.0250273224043716,1.71416095171451,0.321144201918631
0.394538959662029,0.0226249313563976,1.71105806236719,0.380102649302065
0.403449521662476,0.0228070175438597,1.73188350611519,0.336230427501913
0.398529369400513,0.0225506294471812,1.72027316190183,0.350223510557697
0.390553716116181,0.0201092896174863,1.70053864870249,0.363261808603845
0.401990768613285,0.0242424242424242,1.727135783335,0.316346307366914
0.398789441217476,0.0184095860566449,1.72023820128634,0.341878969992971
0.397772857097012,0.0234204793028322,1.71813883120622,0.348411308633295
0.396805951660761,0.0218938149972633,1.71594672821134,0.352044014555181
0.389917794197614,0.023926046764546,1.69841578304438,0.367096495861117
0.399474548440066,0.0214207650273224,1.72161841573909,0.340852259517081
0.397129927160756,0.0213069741900055,1.71658175181061,0.31896302046204
0.393797869880632,0.0205043859649123,1.70989118476961,0.335004132476838
0.3953885950461,0.0210526315789474,1.71199842099448,0.346831390446703
0.396243988035167,0.0231023102310231,1.71525084315945,0.336183050420896
0.398379946363089,0.0201652892561983,1.71937118247593,0.386167881111952
0.39589700131529,0.0224390243902439,1.71338617050711,0.362879640556044
0.393101171402594,0.0233062330623306,1.7059105768739,0.374216339664499
0.397289920202806,0.0234263820470717,1.71658853404308,0.355734210744934
0.400354878234195,0.0202945990180033,1.7239946311378,0.340911302188966
0.399435370034281,0.0253968253968254,1.72136791689523,0.352817062781132
0.393050357717856,0.0212071778140294,1.70655269986249,0.349214426785375
0.39024702470247,0.0218921892189219,1.70025720677188,0.330708823470299
0.393616484666363,0.0210583742498636,1.70978394889724,0.390413832731297
0.395908681777269,0.023982398239824,1.71357529333858,0.364126833949414
0.398820413884794,0.0230263157894737,1.72065496433235,0.32571283814771
0.393651728809245,0.0206820682068207,1.70774801087737,0.388273767937735
0.397196622462905,0.0209774848984075,1.71724957700216,0.374914697346985
0.396761494331251,0.0214521452145215,1.7161115587743,0.353679823628811
0.393163328745796,0.0217155266015201,1.70722258165836,0.374112835145678
0.393650897214927,0.0220757825370675,1.70816116300171,0.380181439805003
0.390586425549802,0.0207310420076378,1.70148040482425,0.349215503046269
0.399958127413872,0.0243228302929795,1.72321268918521,0.377795926668959
0.399999633912849,0.0228476821192053,1.72169477658684,0.35995856165409
0.391859839043819,0.0220043572984749,1.70431003119841,0.371059076633181
0.39506932511433,0.0198019801980198,1.71149330794337,0.341237775004919
0.398775813188091,0.0217130387343153,1.72091424494061,0.344925738611089
0.394905064706251,0.0226950354609929,1.71142983117611,0.370624166276465
0.400777011617612,0.0238952536824877,1.72443609175117,0.336573864950345
0.393541359233721,0.0189852700490998,1.70911994991486,0.307282444980993
0.397548947646,0.0220757825370675,1.71808909574457,0.362750962559664
0.389564176166051,0.0232172470978441,1.69969626808459,0.369452893170871
0.399029902342062,0.0237547892720307,1.72100686470956,0.309560983229518
0.396199251469695,0.0241042345276873,1.71381637300825,0.36145392400626
0.393103310331033,0.023982398239824,1.70683425629642,0.340376684232261
0.395440295752687,0.0190160309563295,1.71255977310122,0.344481115206432
0.397141600940357,0.0252459016393443,1.7164018106725,0.336940914476125
0.39608059885702,0.022367703218767,1.71416793510423,0.345527470995269
0.395461638010723,0.0189683860232945,1.7123645346866,0.330470489729352
0.396274809048152,0.0217799889441681,1.71431235640422,0.367490515850271
0.395933425028522,0.0202283849918434,1.71317498367204,0.362167216963286
0.395007276674949,0.0195496979681494,1.71156283572904,0.361012061842573
0.389096017368143,0.0199449035812672,1.6977928845187,0.384661927300082
0.40594439630735,0.0228758169934641,1.73673855267612,0.407962028548893
0.393859649122807,0.0220032840722496,1.7092940573889,0.366314476163469
0.391959784518768,0.0215654077723043,1.70363286856227,0.368210847676278
0.395251058681186,0.0216748768472906,1.71159304296759,0.346169123815813
0.397784618052545,0.0207236842105263,1.71835934465822,0.32490052577456
0.397096908939014,0.0206896551724138,1.7170531612652,0.347039457598325
0.389001553131675,0.0196846112017401,1.69784509193007,0.360468344213163
0.393001965374722,0.0208333333333333,1.70739857471374,0.347139613301982
0.394010889292196,0.0199233716475096,1.70892492452031,0.359423838642318
0.391226568823565,0.023202614379085,1.70324716352072,0.365797780579578
0.393137303515644,0.0207849640685462,1.70717230482953,0.385155861910097
0.392790104907301,0.0216039279869067,1.70612981128276,0.368124016903948
0.400793972232864,0.0235812672176309,1.72395184019438,0.330060317554022
0.391281872411974,0.0212765957446809,1.70331123500487,0.355603927597022
0.399374670208294,0.0238952536824877,1.72048432674977,0.358261021635563
0.393035453861486,0.0214596949891068,1.70658692334988,0.329502577362791
0.394529417570684,0.0218579234972678,1.71014545451751,0.365172259322486
0.399960194336934,0.0210984230560087,1.72278824238489,0.36392144345683
0.396555370061213,0.0234444444444444,1.71437800260391,0.33957832192703
0.395217708604295,0.0180921052631579,1.71206258469735,0.355967812300987
0.397321555252136,0.0229235880398671,1.71671860762986,0.330844403839487
0.398330784434726,0.0217130387343153,1.7190547413538,0.307749926504933
0.395787773560527,0.020655737704918,1.71336685897221,0.380593918761471
0.394759482085655,0.0230601092896175,1.71091481861666,0.358099697857472
0.396166572483625,0.020663404023926,1.71477508484426,0.35840708606844
0.39644926528531,0.0235294117647059,1.71507868993013,0.332244643304534
0.392771502419218,0.0192034915439171,1.70640545245314,0.361372529671884
0.394186951561484,0.0228384991843393,1.70903293254912,0.361294576194046
0.396582399499586,0.0217509516041327,1.71597648860784,0.349136335915781
0.392441592486965,0.0209085933223864,1.70590043994526,0.384317029390662
0.398695771554091,0.0209429824561404,1.72011814018207,0.326356189685326
0.396313477268129,0.0256578947368421,1.7157739675491,0.353082717695287
0.394382935934876,0.0218954248366013,1.70915748723846,0.365699033232154
0.399479214335065,0.0228415300546448,1.72283440159009,0.380157474612819
0.394363722227714,0.0209713024282561,1.71033316064135,0.342911518655119
0.398831372760146,0.0222950819672131,1.72047606934745,0.355114622534163
0.400072853975293,0.0234848484848485,1.72380138727416,0.303797502785042
0.392823957220767,0.0205211726384365,1.70581551603164,0.354129673143394
0.39564799560681,0.0231359649122807,1.71277721976574,0.353459094164869
0.398239965198664,0.0221132897603486,1.71925224790257,0.303673942384184
0.40016151174998,0.0245901639344262,1.72344138958494,0.355936235225696
0.395065249330222,0.0213464696223317,1.71164983029762,0.33650892032352
0.388040962884517,0.021677559912854,1.69587836375912,0.33577745661301
0.396939907239363,0.0197044334975369,1.71681364605964,0.337837954164803
0.394905783823852,0.0205381658429434,1.71150336144551,0.390822682080673
0.401129825218683,0.0246545052515202,1.72582033380297,0.351564447347859
0.396201801998382,0.0198019801980198,1.71414551387439,0.344415542701818
0.398304344437739,0.0235035694673256,1.71931776357391,0.327561392892389
0.394900502904708,0.0218201754385965,1.71051273105481,0.385877372690311
0.396618640050799,0.0229132569558101,1.71519854899135,0.307677098075991
0.397136445733676,0.0228099173553719,1.71701980040209,0.378033562431759
0.395429828596287,0.0212418300653595,1.71255111309905,0.390762706096583
0.400515549582358,0.0209429824561404,1.72407100673196,0.364027406544912
0.395552818828681,0.0194854953475643,1.7128936603669,0.328555022994438
0.394540226821198,0.0214246873300707,1.71153872223255,0.330206857603506
0.394193097686746,0.0211275314723591,1.70902214472766,0.351283412017
0.397833237869241,0.0191419141914191,1.71806402372633,0.341162949271706
0.401189035807911,0.0210180623973727,1.7256619965384,0.346789690477248
0.389210556911987,0.0237861429350791,1.69748615485856,0.373960828538676
0.392873364680293,0.0203371397498641,1.7075814029705,0.324833225125744
0.396378954146656,0.0233496999454446,1.71500318262616,0.310005414085578
0.395904281596634,0.020989668297988,1.71386385154995,0.326313188114681
0.392285839905964,0.0212021857923497,1.70509396566168,0.406780527840097
0.394107461222219,0.0188741721854305,1.71048078320932,0.371522268212363
0.399142446576739,0.0205882352941176,1.7210275629622,0.358490047817613
0.397076996240365,0.0182513661202186,1.71664524335601,0.338005322890259
0.40002432633057,0.0210583742498636,1.72339912648861,0.331681523766121
0.397218127691552,0.0230263157894737,1.71626723274895,0.334729915728002
0.393972522633349,0.0205882352941176,1.70835455262222,0.352496712912663
0.399161234080574,0.0210873146622735,1.72084810092108,0.352653048386113
0.391954022988506,0.0215654077723043,1.70501615360839,0.369958118872515
0.396355111917725,0.0200328407224959,1.71565942777218,0.380813236337056
0.39215698942098,0.019672131147541,1.70615982839825,0.368634236552813
0.401460237534891,0.021267217630854,1.72724803063901,0.322627431102923
0.391339035056718,0.0240527182866557,1.70165108584475,0.378204748020377
0.398658119518706,0.0213069741900055,1.72014102993627,0.348143801265821
0.394760784486574,0.0227750138197899,1.71106882252569,0.335119340783115
0.396554097179879,0.0230936819172113,1.71493068578979,0.373970209265372
0.389137078611358,0.020327868852459,1.69814166442841,0.403938373011448
0.397503901846874,0.0222587719298246,1.71743965929795,0.368284010011877
0.395947594759476,0.0203520352035204,1.7140395747731,0.385637769892288
0.397444401875468,0.0207162534435262,1.71801912308406,0.368310161917748
0.399718922512211,0.0220394736842105,1.72251044313554,0.347632218178752
0.396055883065493,0.0220765027322404,1.71402443522334,0.401685663481577
0.395595503206246,0.020076377523186,1.71084451743023,0.378917210386008
0.400984862759877,0.0216393442622951,1.72602629374916,0.348014294490816
0.391622734998416,0.0201423097974822,1.702562029102,0.358491714210067
0.395514025270123,0.0218614718614719,1.71273827823398,0.370241074241104
0.399955072045185,0.0214596949891068,1.72310882974587,0.353039871792228
0.396729207605409,0.0213114754098361,1.71588190193104,0.316034291027812
0.400717310517674,0.0220032840722496,1.72454415022572,0.376438823414446
0.392660830872135,0.0200108754758021,1.70592210986513,0.362094473441579
0.396911271497947,0.0221494817239498,1.71576175008653,0.390285171679043
0.396309446381416,0.02131593257205,1.71370284246843,0.384282489612599
0.395659730717718,0.0218561230093355,1.7136936415707,0.371410372872199
0.404099141020293,0.0212418300653595,1.73284995802732,0.313774168436675
0.400729789917094,0.0210583742498636,1.7244743204635,0.347681906971802
0.398511878956039,0.0226973684210526,1.71999704309624,0.30585484139639
0.39266416659441,0.0214912280701754,1.70596699296884,0.365948362159599
0.394610729606733,0.0183415705656233,1.71230452833919,0.378559945723485
0.399781790370141,0.0229544206479956,1.72274780439253,0.39081890394769
0.39735415381038,0.0222585924713584,1.71711834309399,0.404250541629192
0.39507732591441,0.0217821782178218,1.71156168020733,0.377036304845905
0.39126484593071,0.0198347107438017,1.70272491563708,0.370504096362222
0.396864159645392,0.0207650273224044,1.71556299944645,0.38201939158277
0.393012081274025,0.0210526315789474,1.70698440849533,0.333550002427183
0.397188259890352,0.0216393442622951,1.71614034932563,0.328982339621996
0.394487655921413,0.0197044334975369,1.71121436922225,0.380484364155316
0.394271510737305,0.0214912280701754,1.70970466373913,0.379465383626775
0.393902860599775,0.0200328407224959,1.70842212796734,0.352227061660988
0.388321584316578,0.0196078431372549,1.69600984560651,0.36903289367437
0.399784631073742,0.020479302832244,1.7235871261396,0.353642817959135
0.394276023580716,0.0192349726775956,1.710876089815,0.352408809136414
0.399180243110155,0.0237472766884532,1.72084447517752,0.339511452414767
0.390091476632273,0.0203947368421053,1.70056560720883,0.375461995280576
0.392749483863376,0.0206971677559913,1.70695954944785,0.374548669536729
0.391947542656131,0.0212812160694897,1.70540380849889,0.351976337947108
0.398811083744289,0.0222954420647996,1.72014553629103,0.364988079033237
0.402086403038986,0.0211971444261395,1.72761927066434,0.362076421381095
0.397180081644528,0.0191419141914191,1.71620612594643,0.370919185706412
0.392616219184342,0.0210409745293466,1.7047557784669,0.370114541503456
0.400599572500514,0.0220403709765412,1.72430633462611,0.330276006936671
0.396659937010418,0.0210928961748634,1.71503388900613,0.390936718208398
0.393596059113301,0.0229885057471264,1.70799555014401,0.373877397570638
0.394285600739906,0.0202850877192982,1.70998392171438,0.395611635022115
0.401628298505737,0.0219298245614035,1.7263377420433,0.337412343707337
0.395883014990132,0.0200988467874794,1.71273865673109,0.405841687814143
0.393740817561144,0.0212370005473454,1.70847324816246,0.330170807951231
0.39168193590364,0.0200988467874794,1.70396387231451,0.377367191008412
0.39452085177931,0.0212765957446809,1.71097696054528,0.352594777031149
0.392876646262289,0.0195555555555556,1.7063579220305,0.391762128545453
0.394977455995838,0.0208333333333333,1.71074184719164,0.332979626798881
0.398434529079803,0.0226950354609929,1.71934908272076,0.375629784157959
0.393241704404015,0.0221138211382114,1.70777356998123,0.343232445853431
0.398104456543658,0.0211275314723591,1.71921957063766,0.348077056637172
0.395775804244587,0.0181123840698309,1.71283260926574,0.365857025125535
0.394787060319662,0.0224780701754386,1.70992441324713,0.380164883862938
0.398177916054504,0.0249589490968801,1.71860497257682,0.302303259132777
0.3940535871769,0.0214521452145215,1.70912478945363,0.355205854065955
0.397372115422207,0.0205546492659054,1.7162060206403,0.343831457966881
0.394611838492442,0.0209429824561404,1.70932054697833,0.345745486029204
0.399227940113876,0.0216008771929825,1.72165830677347,0.336606215695273
0.391369482912047,0.0192202086765513,1.70245281986405,0.361230494516768
0.403275458289591,0.0220765027322404,1.73014179228493,0.344568007133723
0.39707361484436,0.0210526315789474,1.71690949085679,0.358047122997942
0.392732727818236,0.0211221122112211,1.70672756053279,0.392986608320407
0.3937937121554,0.0191103789126853,1.7092879669542,0.348409333056606
0.390274536917005,0.0201423097974822,1.70092587054589,0.354125213105031
0.398312591824389,0.0218938149972633,1.71989287367569,0.339335984681263
0.397946734652724,0.0239737274220033,1.71853635310033,0.378768624890518
0.391564753506986,0.0200108754758021,1.70385693399407,0.357337844719646
0.394977553768556,0.0205381658429434,1.71088265584491,0.306842001257891
0.392583021525927,0.0231693989071038,1.70490188402275,0.367308778680495
0.396545995427381,0.0226558265582656,1.71479822209765,0.367434853561085
0.396033906605594,0.0211275314723591,1.71399332661714,0.392830407691131
0.395847377063348,0.0213464696223317,1.71411663329208,0.373003367432583
0.397325451991316,0.0236914600550964,1.71728539277929,0.342613607576249
0.397422081582129,0.0218561230093355,1.71754071679104,0.334380379274058
0.391611615856808,0.0215266337177375,1.70346923354186,0.37211517973046
0.392894565032689,0.0217130387343153,1.70626730425324,0.356401081725348
0.403104469068892,0.0205128205128205,1.72947641748846,0.352348917556139
0.390939946759926,0.0194671016856988,1.7023235725179,0.377526303412411
0.392597873995333,0.0223316912972085,1.70643344508376,0.359143228263369
0.400341450949049,0.0255903349807798,1.72401154840003,0.350964979040085
0.393535999179965,0.0210816777041943,1.70777152056131,0.359924728934272
0.395856326325518,0.0218579234972678,1.71299024676975,0.366010708879803
0.396044709474837,0.0244116037219486,1.71399686627628,0.360077548052512
0.394947858151125,0.0236453201970443,1.71180089488529,0.360007707322103
0.396865480758051,0.0228041462084015,1.71507370921014,0.382468795055555
0.397424058498801,0.0203947368421053,1.71781453768344,0.350021309059586
0.40064425242492,0.0217486338797814,1.72444440801328,0.380466610610781
0.395313870354389,0.0206374932468936,1.71267693020166,0.371022843256483
0.398504540932576,0.0224400871459695,1.7200604517579,0.388551930719183
0.400152239276646,0.0229544206479956,1.72306111177249,0.35864653378994
0.400791053217302,0.023030303030303,1.72490593088013,0.364104203372397
0.392015955210933,0.017785051827605,1.70412529677319,0.364363343947847
0.401145986878234,0.0229166666666667,1.72520643015423,0.38119163352983
0.397447166250794,0.0226950354609929,1.7161471393113,0.350264956549385
0.398543823874721,0.021029810298103,1.71952701948769,0.344497972942136
0.397634507521867,0.0221132897603486,1.71671252429016,0.377012711737636
0.392996163236833,0.0221494817239498,1.70651433170143,0.355679214457873
0.393367038285369,0.021784345922277,1.70661538527529,0.356018870120694
0.395139253021195,0.0208130081300813,1.71236656190318,0.337791164875444
0.396882499135315,0.0215686274509804,1.71563166050334,0.360971830326142
0.395672430991411,0.0223306233062331,1.71261027835691,0.318713917039494
0.398153429550889,0.0230979748221128,1.71911867905769,0.363707521940906
0.39356509088814,0.021455938697318,1.70742257215392,0.384429311222268
0.393747417563253,0.0246590289143481,1.70814608577479,0.384958844880097
0.398940482920132,0.0229508196721311,1.72033756550475,0.369968299063422
0.396033186414312,0.0226600985221675,1.71384060803867,0.37686883337208
0.399634142828335,0.0207991242474001,1.72141672885036,0.360934723398975
0.397965446153285,0.0221487603305785,1.71873173412093,0.360359841581283
0.394875383143346,0.0217799889441681,1.7114072993286,0.374151981637076
0.395255231682891,0.0215946843853821,1.71205581815986,0.35430893561571
0.398427102238355,0.0222222222222222,1.71949361557223,0.36949662046069
0.398143450708707,0.0212321232123212,1.71852222144115,0.360229691533899
0.393033314435067,0.0229847494553377,1.70691089635906,0.340904678684971
0.399176458008239,0.0219659527732015,1.72211902732133,0.355503472430292
0.395496693495563,0.0230601092896175,1.71193534897263,0.393812004284686
0.396479930397327,0.0227668845315904,1.71618076467195,0.35758082778508
0.396888376127999,0.023240589198036,1.71619167414751,0.365576221704206
0.396824723658527,0.0215266337177375,1.71590671835004,0.363113078875593
0.391764333227748,0.0225108225108225,1.70461672769221,0.371832043842728
0.397847348255697,0.0189381499726327,1.71859871221198,0.352730247884621
0.39850397485672,0.0196339434276206,1.71920429492843,0.330561608505147
0.394095871863567,0.0212370005473454,1.70847706333987,0.366427531854353
0.396199817675343,0.0228445908841296,1.71391159235042,0.348312828191045
0.392870718224216,0.0193268186753529,1.70593120093732,0.35932219703491
0.399063436273063,0.0216039279869067,1.72017203315298,0.357876207443943
0.400396106297065,0.0199779249448124,1.72400087853576,0.368995855494753
0.39351620052581,0.0209836065573771,1.70793652538402,0.40791886201834
0.395772477169936,0.0232074438970991,1.71201344060767,0.388246569199281
0.394496867081072,0.0230560087003806,1.71059817053629,0.338043897679129
0.396912702458569,0.0199672667757774,1.71653528849598,0.354391918043039
0.397301222578687,0.0218201754385965,1.71719818220857,0.356391183914668
0.39197062910718,0.0183795541054921,1.7041760814061,0.353977629461567
0.399959707469094,0.020479302832244,1.72274917277544,0.35098828244405
0.400334969742897,0.0221854304635762,1.72277412799485,0.355049887950728
0.398465664748293,0.022002200220022,1.71959277718427,0.382378441220793
0.395862131667712,0.0215621562156216,1.71363338281047,0.35575618740822
0.39176639893275,0.0215946843853821,1.7031736032609,0.421530914359603
0.399651691625069,0.020077648363838,1.72196710662207,0.400364323369793
0.390625451602648,0.0231359649122807,1.70138420337275,0.351548401404641
0.398985796437963,0.0196595277320154,1.72016897912673,0.31070886114015
0.396966605751484,0.0212321232123212,1.71534320816353,0.36992346862963
0.392409904070521,0.0212370005473454,1.7060089480206,0.370507517143462
0.391447414466069,0.0201092896174863,1.7039115863346,0.383409543882144
0.392785557386052,0.018859649122807,1.70527742054147,0.328093972596385
0.391273064703505,0.0198791872597474,1.70330196986662,0.379487656934167
0.394884606491517,0.0219298245614035,1.71090591910295,0.390616295070584
0.396743674367437,0.022002200220022,1.71540178637656,0.343271343485733
0.397034041840049,0.0200435729847495,1.71614847338276,0.32240578204958
0.397005819787277,0.0186225895316804,1.71725983384679,0.307809948835491
0.38910998761271,0.0206896551724138,1.69860227731436,0.363871373851191
0.400391268533773,0.0205043859649123,1.72465551680224,0.335012537727718
0.3951103409176,0.0205882352941176,1.71168096367278,0.385737856479161
0.389984175843233,0.0236842105263158,1.69994804792247,0.335783124283106
0.401048598507764,0.0243021346469622,1.72498426664744,0.383127851663519
0.3980045277255,0.0225522552255226,1.71922317411504,0.34408359905432
0.396646669252692,0.0241042345276873,1.71553923132678,0.361535644169508
0.390847533776195,0.0209150326797386,1.70295507362502,0.383332096466453
0.397941775773866,0.0229166666666667,1.71789887308364,0.319080407501648
0.393147773748525,0.0222222222222222,1.70678713741911,0.359555387281665
0.392391486509134,0.0224400871459695,1.70726574986893,0.383186076218733
0.393378330320636,0.0205980066445183,1.70742719047563,0.374041720599703
0.390921770836765,0.0218543046357616,1.70132476978084,0.364719087955522
0.394919091435741,0.0194671016856988,1.71062034937184,0.319255771316902
0.397753391823849,0.0213857064920895,1.71786334737336,0.346413668386973
0.397515599994925,0.0237232289950577,1.71653762424468,0.337574992472196
0.395280210410705,0.0217105263157895,1.71196379257014,0.368807074645376
0.39363079427258,0.0214948172394981,1.70884327961427,0.38830753750727
0.397177101980898,0.0245033112582781,1.71769473103444,0.336127490925571
0.397180193069164,0.0199561403508772,1.7169197082962,0.36793619049757
0.39365810489503,0.0208809135399674,1.7093010732241,0.356581283853888
0.392912745820037,0.0209020902090209,1.70783146842122,0.355402441498113
0.396079278656411,0.0230979748221128,1.7141579418465,0.343071078154225
0.395330279722294,0.0213464696223317,1.7128415133486,0.352798191845627
0.390291423783993,0.0182410423452769,1.70084387362491,0.336133172186483
0.392901892226515,0.0208469055374593,1.70625799797175,0.385024417702125
0.396074909710525,0.0216069489685125,1.71416071326138,0.349286238756863
0.395886511211336,0.0197933659597607,1.71381059122096,0.333990269740004
0.394879316950358,0.0207162534435262,1.71169463035818,0.375130776528753
0.401811596147139,0.0213857064920895,1.72715501137547,0.314906031220836
0.394643100673704,0.0206820682068207,1.70986814128593,0.332163967060204
0.391878377987803,0.0212719298245614,1.70439972536322,0.350168777082228
0.402053587401452,0.0228013029315961,1.72756262306627,0.35981473024755
0.397468527640941,0.0245210727969349,1.71731958636078,0.374567906682682
0.399338853724096,0.0225877192982456,1.72150349026735,0.318355809689677
0.395174523710193,0.0203703703703704,1.71213147911449,0.360389966097465
0.401029804825948,0.0229098805646037,1.72455696919642,0.389828341548709
0.393330282555834,0.0215300546448087,1.70727024009417,0.352452976118738
0.393470162187802,0.0228099173553719,1.70889424657573,0.388089293571604
0.394544903847687,0.0219326818675353,1.70998064465209,0.35485203513824
0.399282504877166,0.0213550135501355,1.7216955625387,0.31979422831841
0.394180554222777,0.0195758564437194,1.70963168245302,0.341493610474752
0.393232601678619,0.0210873146622735,1.7083672642462,0.33271356723151
0.399417613225816,0.0222587719298246,1.72241424224167,0.370317487254109
0.397129927160756,0.0232839099395936,1.71602386856205,0.372966285639611
0.400520593762146,0.0208061002178649,1.72455915373572,0.344340523030661
0.39440059839819,0.0220385674931129,1.71045196193914,0.373573421201197
0.394674778145666,0.0218579234972678,1.71064258261453,0.354518724105469
0.39735682659175,0.0198019801980198,1.71758423742562,0.335464059178878
0.396519975545378,0.0226269315673289,1.71497531335589,0.331640918787933
0.396287510204679,0.0195364238410596,1.71463505327912,0.343815953176565
0.396905508732691,0.0212321232123212,1.71657362332228,0.363274836528312
0.398840645683401,0.0212719298245614,1.71959942458259,0.365345942229634
0.391149245694411,0.0195121951219512,1.70247966648684,0.359388270790985
0.393062196691734,0.0194989106753813,1.70657988128459,0.370071758225734
0.397037607550749,0.0183006535947712,1.71716875273512,0.355002953629505
0.395095595248418,0.0183114035087719,1.71206057046006,0.358122382349072
0.397986574756496,0.0211622807017544,1.71760109965099,0.328326934236774
0.390092921760745,0.0197368421052632,1.70052760192805,0.373266125847405
0.402269325667363,0.0219326818675353,1.72807954178936,0.354300115872206
0.400146659510816,0.0222584147665581,1.72313460257132,0.375788564005312
0.395740045427154,0.020479302832244,1.71440117168501,0.328681973733167
0.398594186615965,0.0224411603721949,1.71940192062241,0.311989593271572
0.395302912453548,0.0209085933223864,1.71288176811401,0.322063726659868
0.395542993530557,0.0243715846994536,1.71291430231367,0.34986863098852
0.396508865992529,0.0216069489685125,1.71482045051984,0.366547287341586
0.39210395928917,0.021822149481724,1.70457064011366,0.370371293841232
0.396766534765404,0.0197814207650273,1.71503453515629,0.346292080519931
0.388368908892207,0.0219326818675353,1.69605178715036,0.364655016386076
0.397780206356715,0.0241625480505217,1.71742724026125,0.356783022012196
0.394222254161116,0.0215946843853821,1.70886462072244,0.361398907471004
0.392993259009593,0.0234263820470717,1.7060335546237,0.370788827505366
0.39757435185988,0.0209429824561404,1.71718150927016,0.338247019252144
0.39300975736274,0.0217130387343153,1.70602481903358,0.405100264530415
0.392361054287247,0.0215621562156216,1.70479319624287,0.357730866274232
0.392524866469712,0.0213024282560706,1.70696320459108,0.34558592884532
0.393081122346095,0.0212370005473454,1.70717473899124,0.352647243707391
0.396783560261154,0.0238172920065253,1.71605940253407,0.363334358141142
0.395174239179379,0.0221854304635762,1.71242179646753,0.34220768932867
0.396214766569974,0.0213774104683196,1.714463534451,0.35199845195947
0.395729632866361,0.021029810298103,1.7143112384944,0.319119909290192
0.392470681130941,0.0209836065573771,1.70604435990841,0.370704875971679
0.394106404809388,0.0209429824561404,1.70910678090088,0.328592175580205
0.390419520795399,0.0196271929824561,1.7017388694156,0.384894825731389
0.392564403881988,0.023841059602649,1.7066481570498,0.380502981703158
0.394156870232478,0.0227722772277228,1.70954230018643,0.351663120240398
0.394760579598887,0.0220772158781947,1.71106640141043,0.353655758135101
0.398156527568292,0.0223311546840959,1.7184367889608,0.353610242537697
0.396151297784692,0.021784345922277,1.71427175040312,0.368797202347914
0.397050096505632,0.0222222222222222,1.71579607486155,0.364221224133701
0.394318116130524,0.0213815789473684,1.71071406752718,0.398909486234188
0.392166206076217,0.0194217130387343,1.70472558891622,0.345934167610645
0.397221270726743,0.0228445908841296,1.71591652081497,0.356784570213788
0.39751270019918,0.0204283360790774,1.71821008788481,0.361937364388515
0.400811486326236,0.023030303030303,1.72538438011841,0.345302985744628
0.396821450488584,0.0220064724919094,1.7162560835716,0.360742576005728
0.398988131247659,0.0204707170224412,1.7202134368662,0.350929815634048
0.394747996805656,0.0213114754098361,1.71147668268732,0.359982053086226
0.394507707594943,0.0226927252985885,1.71050218477514,0.344410921683895
0.398083081035376,0.023982398239824,1.71849542609159,0.363186248475304
0.400814691176046,0.0221491228070175,1.72404339500429,0.373039577870825
0.397048686378219,0.0234649122807018,1.71631782445343,0.311667782803874
0.390922709071529,0.0188286808976464,1.70174001743844,0.428280762170471
0.399894216624519,0.020342730790492,1.722415215108,0.363265309048237
0.393071511171138,0.0198373983739837,1.70729679000379,0.329836688180171
0.393496101285813,0.0213114754098361,1.70748032788354,0.354002485300903
0.393812669043684,0.0214983713355049,1.70811498314831,0.346246174300742
0.38971949913278,0.0198791872597474,1.70022733846977,0.372905492300941
0.397820281049317,0.0215686274509804,1.71876775179258,0.348365582333588
0.395158874196987,0.0229885057471264,1.71132430880626,0.358029551898437
0.393650538957172,0.0251633986928105,1.70912840935967,0.349796288053264
0.403002870864747,0.0207310420076378,1.73022451735546,0.322538734780663
0.392321529564154,0.0200550964187328,1.70553663974199,0.364460930283987
0.397877885397941,0.0214948172394981,1.71832977481781,0.34517162755144
0.394918344261035,0.0231788079470199,1.71054316465989,0.34208655245446
0.399899144885013,0.0218579234972678,1.72288764705391,0.337044391779876
0.399873966525509,0.0204707170224412,1.72237037181618,0.373447978766835
0.395536790028681,0.021968461120174,1.71348874628347,0.359161378181334
0.393593844157048,0.0217864923747277,1.70800745374934,0.360910083942464
0.393806354967879,0.0224411603721949,1.70807204126072,0.351879417948357
0.388505026935154,0.0209085933223864,1.69598359608312,0.355508384508305
0.394254169195642,0.0219298245614035,1.71055267851931,0.363853262221286
0.398474814368854,0.023030303030303,1.7192735387273,0.37481168999185
0.387096086592098,0.0213815789473684,1.69336519905491,0.379013367701569
0.393194912568778,0.0218938149972633,1.70732457178599,0.305577760226211
0.394082317322641,0.0203520352035204,1.70976725864551,0.334442725884583
0.393052032475975,0.0231023102310231,1.70786193034109,0.390384952042661
0.388598283466869,0.0223311546840959,1.69738937852264,0.367132414377751
0.394570219920761,0.0216039279869067,1.70963042129782,0.415109312581348
0.395474218908061,0.0205043859649123,1.71211727264466,0.39481819554044
0.39438384743058,0.0196846112017401,1.71005085139347,0.361986068750568
0.390469178958891,0.021680216802168,1.70236436198458,0.335534149341756
0.392121321974503,0.0191408374116368,1.70455265772311,0.307580859296646
0.398128976105234,0.0204371584699454,1.71818301387085,0.324467028514128
0.392952729373255,0.0213507625272331,1.70737995555225,0.343061472193539
0.397264733084771,0.0203947368421053,1.71616483830965,0.363823383739666
0.398927991534855,0.0200550964187328,1.72039114520771,0.348756549523187
0.395733675509231,0.0202086765513454,1.71406002840635,0.330014815758896
0.394608948235498,0.018530701754386,1.71061820159309,0.35506516435042
0.396882652285512,0.0233496999454446,1.71545815702027,0.344520325587077
0.395575502161896,0.0217079889807163,1.71200852648416,0.390812650823633
0.395452188035569,0.0229508196721311,1.71252959016589,0.378917648197807
0.393785012768163,0.0216364634816035,1.70946685340621,0.345456406892547
0.395004913436805,0.0200657894736842,1.71190282165918,0.357233324428358
0.400817017451333,0.0205381658429434,1.72517643138211,0.363412652578255
0.393970599695884,0.0198791872597474,1.71020039201085,0.349325047016158
0.397484538339445,0.0208264462809917,1.71636148701111,0.312664488397421
0.396664842464479,0.0230343300110742,1.71594687256424,0.341948644170969
0.397894245695263,0.0213114754098361,1.71797156929693,0.371647558452089
0.394095871863567,0.0194854953475643,1.70992827911732,0.385286300912613
0.395527790011291,0.0221856123009336,1.71233355306064,0.349662710401327
0.398553034598091,0.0224400871459695,1.71931771742773,0.347321591350311
0.3918187291336,0.0226997245179063,1.70460244961625,0.398645527929305
0.394358568333944,0.0201954397394137,1.71003406057692,0.339072487133049
0.39287733182589,0.0195628415300546,1.70621167037731,0.38046381599784
0.395875848980158,0.0212071778140294,1.71375173126562,0.355870215958695
0.396750288428,0.0197490452809602,1.71560034714501,0.366050369101883
0.393305237808549,0.0207162534435262,1.7070369890903,0.347543135677979
0.398326995650045,0.0199233716475096,1.71912364126093,0.366034699697241
0.399262334391325,0.019205298013245,1.72138884457162,0.359731087037133
0.390621551051172,0.0192349726775956,1.70057953431538,0.362091918481171
0.394454651040017,0.0196969696969697,1.71082669409012,0.373719391217482
0.394344407348622,0.0225895316804408,1.7091808451913,0.368689018713534
0.398896644411688,0.0220394736842105,1.72126181014687,0.298963355934541
0.397813520621983,0.0226973684210526,1.71813827528169,0.312859131921461
0.398135582112499,0.0229098805646037,1.71757375005842,0.370490200390102
0.39269017810872,0.0209020902090209,1.70729327143469,0.34845921553259
0.390392063354432,0.0222587719298246,1.70088311125325,0.367565512941525
0.396712332726379,0.0194078947368421,1.71558300880264,0.354041303827872
0.399263562719908,0.0216721672167217,1.72135541775708,0.376092226087005
0.393188511130851,0.0224043715846995,1.70702616060805,0.352010579703477
0.401923926555946,0.0247681396617567,1.72713246654582,0.328502353394498
0.392517853517297,0.0202710027100271,1.70693794639753,0.3593526827805
0.394337423857707,0.0210873146622735,1.70936018848112,0.359442241517924
0.399676578987586,0.0221859706362153,1.72294852658459,0.35105063241806
0.399917988653909,0.0214596949891068,1.72284637329425,0.375621357497738
0.396503808985437,0.019672131147541,1.71498576576788,0.371635795283882
0.399609347750262,0.021822149481724,1.72312743006329,0.358254423217922
0.391197708572784,0.0236914600550964,1.70175846310307,0.358914536539687
0.397709041927447,0.022294725394236,1.71808990501489,0.357430091247937
0.394495809968429,0.0216039279869067,1.7110778176711,0.349598379167497
0.393549605854365,0.018970189701897,1.70814872261381,0.354609448977888
0.395073173795616,0.0241530054644809,1.71151289761446,0.409541046125424
0.393544785271582,0.022075055187638,1.70839827587982,0.366255561652133
0.38982969058971,0.0179072276159655,1.69875861052456,0.404242419587359
0.392784372840902,0.0227322404371585,1.7058073442317,0.35786331538136
0.400836384311683,0.0224755700325733,1.72348000801075,0.35487479791146
0.396298216806384,0.0228790366721401,1.71478810042621,0.350778367017103
0.397860311698787,0.0220032840722496,1.71850349985841,0.318445486072794
0.392076277683286,0.019281045751634,1.70489007428295,0.342650832535228
0.39415468646466,0.0217439293598234,1.70958998969976,0.348697853010824
0.396966450420379,0.0202185792349727,1.7171753649058,0.314704770680764
0.399091340005187,0.0207310420076378,1.72138070414092,0.394449012280668
0.395324414295584,0.0217486338797814,1.71219665588076,0.365409663284844
0.396522765689142,0.0226950354609929,1.71490429239401,0.35494614771677
0.398152263149253,0.0219283746556474,1.7178934805071,0.392544044670039
0.395058458280618,0.0209836065573771,1.71222652431792,0.359230592973458
0.399530435283611,0.0205801860974275,1.72219666260679,0.380048621305156
0.395668023852682,0.0225538971807629,1.71334046830734,0.33265799347668
0.398737504681243,0.0230979748221128,1.72025769375664,0.384584176838854
0.398066524895242,0.0210928961748634,1.71796771052031,0.375074289038692
0.391788269736065,0.0204620462046205,1.7039562701243,0.361405179986488
0.397105551234408,0.0211275314723591,1.71611359483496,0.377598801035388
0.393881212381387,0.0206219312602291,1.70846510746007,0.361966916069844
0.399059943929015,0.0196271929824561,1.72139001621526,0.335014818117992
0.397149500782039,0.0203185063152114,1.715681305709,0.3902202207187
0.3983665479285,0.0227668845315904,1.71931311985769,0.357091853943903
0.392945364134761,0.0252045826513912,1.70704539408439,0.352334916821973
0.398306997945212,0.0210928961748634,1.71875718498201,0.322514461480779
0.396920416918133,0.0233937397034596,1.71603545573417,0.346571007824237
0.395571058203106,0.0224806201550388,1.71349121220899,0.385143803058881
0.395524129834132,0.0181029810298103,1.7136491712761,0.386784037570745
0.395978948044029,0.0200435729847495,1.71449667805817,0.379369160953217
0.3944012849157,0.0220765027322404,1.71003017605816,0.315795473732745
0.397468931420316,0.0198907103825137,1.71668224550972,0.346657909726688
0.393444818943912,0.0199233716475096,1.70777680768961,0.366931952360904
0.397291758550267,0.0199782844733985,1.71756945332122,0.340141485840513
0.395648718171045,0.0214912280701754,1.71393606057395,0.364252743062511
0.399521343672024,0.022367703218767,1.72132633114621,0.357804037760466
0.391998200409867,0.0210640608034745,1.70396742904568,0.36803477687358
0.391771155796029,0.0230601092896175,1.70454776169191,0.345620023702824
0.394888579767068,0.0226622662266227,1.71162779482039,0.379957430961279
0.394361108702564,0.0206140350877193,1.7099451682483,0.344602823813092
0.390834028731146,0.0225136612021858,1.70234217460774,0.401510795691144
0.395872719861977,0.0204785754034502,1.71340288111812,0.356151980417226
0.395747889990694,0.0210239651416122,1.71348062755248,0.372201293508451
0.39472287275566,0.0226229508196721,1.7112201791189,0.38556878323128
0.396629504796474,0.0203612479474548,1.71583003551164,0.335605367784334
0.396814270460398,0.0182513661202186,1.71542455068483,0.354546665322256
0.397472923541985,0.0206219312602291,1.71836447005407,0.360837525003191
0.389790927628231,0.0207505518763797,1.70081912699591,0.355027455113483
0.395232333707833,0.0236453201970443,1.71107629660856,0.391553702085904
0.39591723561778,0.0226600985221675,1.71332260006938,0.339105692164553
0.394520803610685,0.0230601092896175,1.70947286925731,0.367631751823766
0.389611658447704,0.0189542483660131,1.69909574101635,0.343289803461844
0.393095766022595,0.0224025974025974,1.70714573162564,0.37477170637686
0.387202664816902,0.0228070175438597,1.69296063493973,0.383995801323502
0.393312667996185,0.0207236842105263,1.70709147846846,0.349260135066426
0.396286811547712,0.0202086765513454,1.71489248085227,0.327277397707588
0.395002926981331,0.0219659527732015,1.71081266577582,0.372603574203092
0.392948989055834,0.0187777777777778,1.70577000340164,0.420043990252107
0.397966900008642,0.0223316912972085,1.71839934686483,0.349790745365796
0.393800820120775,0.0242622950819672,1.70913347682747,0.376484260976306
0.398261920372299,0.0220011055831951,1.7203112075842,0.343217579216531
0.394704905770529,0.0207162534435262,1.71112086800179,0.355266077622421
0.396864432498049,0.0230263157894737,1.71636868215249,0.36710097914798
0.395734307031948,0.0212370005473454,1.71372457310082,0.409235188379615
0.3992891845881,0.0224034801522567,1.72194877052872,0.38803031727528
0.395000835208109,0.0214246873300707,1.71148650930053,0.360877756153516
0.400038890329271,0.0260536398467433,1.72281373546547,0.352303480744245
0.395666105180375,0.0186753528773073,1.71297412972392,0.356484130760315
0.397965405474792,0.0225490196078431,1.71848778086275,0.362148587397659
0.395219451665009,0.0211328976034858,1.71147492431147,0.335222838531093
0.391922618950528,0.0216364634816035,1.70387241819123,0.418961391992888
0.396521263203984,0.0193939393939394,1.71486637429633,0.363455167080116
0.393889897156685,0.0201423097974822,1.70843744707583,0.391295568461114
0.393878350460143,0.0210583742498636,1.70784591220739,0.364994297729514
0.39641716523599,0.0217105263157895,1.71525196105436,0.367549486121572
0.395065332295887,0.0211674849972722,1.71296445196128,0.363103416502415
0.393967309599207,0.0227297444263187,1.70909334220778,0.352394514718121
0.399965412606214,0.0225490196078431,1.7230179112243,0.338551598949721
0.391297387996088,0.0216393442622951,1.70246957083965,0.354827465170796
0.391974908535707,0.0225506294471812,1.70478419985489,0.362752351166402
0.397577456150673,0.0208061002178649,1.71761482328755,0.315138011993321
0.39543158934772,0.0212071778140294,1.71309737320929,0.399841452220436
0.395249403634886,0.020479302832244,1.71123198525765,0.351144901880102
0.392649205970887,0.0176693766937669,1.70600924985192,0.350693251798117
0.392997845239069,0.0198019801980198,1.7068397199066,0.358220792594118
0.394604187691496,0.0221122112211221,1.71091768706787,0.358810455031244
0.38978297829783,0.0214521452145215,1.69913346214514,0.350760667071322
0.396928384178838,0.0203612479474548,1.71665043315817,0.365000626857481
0.397050436530369,0.0205464480874317,1.71695337585374,0.352932495513146
0.391542793766024,0.021455938697318,1.70366802806527,0.40043613291579
0.400371578457968,0.0239514348785872,1.72423679638731,0.35893094964754
0.394525105868119,0.0204707170224412,1.711089443901,0.338661255652372
0.392417732001265,0.0199021207177814,1.70502489605108,0.373404946354749
0.398868825688604,0.0233552631578947,1.71926939133657,0.356338249960883
0.396942037151315,0.0206219312602291,1.71499313720184,0.382739005746232
0.391793578039847,0.0190005491488193,1.7041821233956,0.390019130070325
0.392686747960914,0.0215300546448087,1.70715983243531,0.364248688995934
0.396029784796662,0.0224422442244224,1.71360336290252,0.376164279194135
0.39927332699565,0.0216748768472906,1.72122872476893,0.335207287442401
0.398121020943163,0.0206896551724138,1.71780664932705,0.38956733922695
0.396440947232618,0.0202283849918434,1.71513131060921,0.346637665558477
0.394184476046715,0.0233062330623306,1.70957904093863,0.346438589329756
0.399346786506496,0.0236453201970443,1.72087751213066,0.355868417162433
0.401591765754791,0.0247154471544715,1.72624015286029,0.314869061859098
0.395090622928179,0.0247650635710337,1.711180147705,0.372223564232746
0.393223322332233,0.0195819581958196,1.70759998826867,0.376204986841457
0.39447952838569,0.0230601092896175,1.71090690981149,0.371434172004865
0.395802725203814,0.0188286808976464,1.71453549189707,0.324693673039098
0.394469145597226,0.021558872305141,1.71011875610016,0.354583655012768
0.392265616921437,0.0211328976034858,1.70648417573042,0.377395236807925
0.396065424724291,0.0251925192519252,1.71417447769664,0.342879899805034
0.39598015814761,0.0226249313563976,1.71466411518353,0.348716423709737
0.38951833607006,0.0198139025725233,1.69839387118707,0.375434551866588
0.394515127936823,0.0214948172394981,1.71084112516666,0.372706173228233
0.395127579082933,0.0213857064920895,1.71220240842613,0.346965922255494
0.391265611355839,0.0197611292073833,1.70212258974045,0.358827849185492
0.392603689310728,0.0227021040974529,1.7062552668394,0.332515838754833
0.396444588010444,0.02,1.7141868103009,0.363720119511804
0.393032394148506,0.0204620462046205,1.70622702636158,0.36357002406984
0.401537388663789,0.0225474254742547,1.72653216915852,0.332780212236456
0.395588348403137,0.0196399345335516,1.71395159795996,0.360551227067554
0.390027731558514,0.0218524681087077,1.70022601131837,0.380061404894257
0.396460373310058,0.0232123212321232,1.71515890956285,0.356477978488609
0.394638190550294,0.022367703218767,1.71075054250439,0.376796480143709
0.396422522455063,0.020479302832244,1.7151928272495,0.398581624927635
0.398215821582158,0.0205720572057206,1.7196707439403,0.352610733188835
0.39243015210612,0.0243124312431243,1.70530921812107,0.387350822975826
0.394305447526863,0.019047619047619,1.7098119192039,0.387502899972527
0.400902399677354,0.0210180623973727,1.72533340030714,0.33547563777225
0.392503757334027,0.0195175438596491,1.70520928876895,0.359258335359597
0.394436425102627,0.0198581560283688,1.7107427366888,0.35447796386677
0.398298587820736,0.0208401527550464,1.71908488383415,0.363614853991915
0.399219868281843,0.0203090507726269,1.72115168889898,0.330630975686491
0.397544118048168,0.0213421342134213,1.71621876159281,0.368192550153064
0.396588684573666,0.0238562091503268,1.7159971321262,0.339931596273552
0.395151672284159,0.0234263820470717,1.7120231535572,0.317086652328896
0.397723200092488,0.0214912280701754,1.71686068082279,0.318943605550689
0.395571557155716,0.0243124312431243,1.71228648705006,0.358593157146658
0.393684890575789,0.0217486338797814,1.70914040823986,0.376713549476655
0.391725389295677,0.0214483139856274,1.70403226345092,0.321598134208086
0.393373241772283,0.0216364634816035,1.70827345758665,0.327216361875201
0.396962371054987,0.0240740740740741,1.71476672667284,0.369497214460048
0.395738017935679,0.0233441910966341,1.71233596549724,0.342488087153657
0.397962092214083,0.020663404023926,1.71812178142951,0.318638245301321
0.398021030561706,0.0206971677559913,1.71766840696762,0.366811461864711
0.394198588691705,0.0196078431372549,1.7097645246305,0.348563385572276
0.398183277965358,0.0219659527732015,1.7188861244165,0.325912635313331
0.394675994567267,0.0224061810154525,1.71139853642843,0.379603739968174
0.392796194673541,0.0228758169934641,1.70690728579786,0.360616617714672
0.395061996011445,0.0240131578947368,1.71097614859959,0.384250062651982
0.395015964154436,0.0188761593016912,1.71174390062489,0.350400272421519
0.39366519747645,0.0218938149972633,1.70756094105104,0.375879826011921
0.393282320298275,0.024780701754386,1.70748611379138,0.375994135294216
0.395282136894825,0.0223333333333333,1.71150810817243,0.384805185519304
0.396853317592766,0.0228041462084015,1.71554897552102,0.332848882083895
0.393897642708657,0.0203703703703704,1.70897951252737,0.362934788861993
0.399576684941221,0.0227722772277228,1.72245967364409,0.358751426162213
0.397855482875268,0.0192349726775956,1.71894899324327,0.35698377058145
0.385684028112063,0.0202614379084967,1.68984190940387,0.356099712288641
0.395865658115517,0.0227322404371585,1.71460859923103,0.343866148643503
0.397827086295869,0.0201854882705947,1.71823381466099,0.364139157690711
0.391666711975975,0.0196595277320154,1.70401701399094,0.350575643282421
0.394592586610676,0.0207650273224044,1.70965636883572,0.32302735383007
0.400169107819873,0.0221122112211221,1.72392327946779,0.333527743237606
0.389717108864114,0.0229885057471264,1.70004393428142,0.35761764862122
0.399122904584095,0.0228726287262873,1.72116019411461,0.34182344779728
0.396418914618735,0.0212321232123212,1.71574334858073,0.345244500342148
0.398445429908845,0.0248917748917749,1.7193496004586,0.335892042949418
0.395147866382063,0.0207162534435262,1.71149367422292,0.353142177474697
0.395300088496519,0.0208809135399674,1.7125860442469,0.323948098577031
0.399962079543524,0.0216039279869067,1.72293754461427,0.367985590733838
0.398520230059654,0.0224400871459695,1.71976528940653,0.347839141524367
0.389554935724215,0.0204283360790774,1.69865097500943,0.376869743130727
0.395775577557756,0.0217821782178218,1.71264158029692,0.371385113498888
0.397505977587647,0.021455938697318,1.71729331021073,0.321025546213262
0.392188573940976,0.0205464480874317,1.70432278838913,0.342784481849531
0.39417938498957,0.0209774848984075,1.71156250150238,0.337164002198554
0.392383105870952,0.0208743169398907,1.70511786160476,0.389837281798567
0.390427448847946,0.021642196846112,1.70155640630414,0.401197400620208
0.395887419173084,0.0226950354609929,1.71201396667053,0.356800751645899
0.395069943560616,0.0201092896174863,1.71282832438422,0.382480092132278
0.395046430591283,0.0210468319559229,1.71118787311571,0.333167789945145
0.397891733290264,0.0191256830601093,1.71827512850853,0.359543655964255
0.396651637330559,0.0205043859649123,1.71511324109531,0.353920035001152
0.39168286270604,0.0244808743169399,1.70416621406897,0.371660158093665
0.396946967424015,0.0209020902090209,1.71550117412657,0.34160354363962
0.393984242214732,0.0232074438970991,1.70980770813807,0.36110849927301
0.396049998756073,0.0233822729744426,1.71395086035104,0.382927765621709
0.395260012534979,0.0225474254742547,1.7124687339633,0.361060577446935
0.394785442300408,0.0216364634816035,1.71140051898355,0.32989166140274
0.400978043374878,0.0233879781420765,1.72546189167712,0.322128811854264
0.396803233971005,0.0197490452809602,1.71592014007733,0.346655726144851
0.394509961704572,0.0213069741900055,1.70941385283535,0.386351283486823
0.395334267549537,0.0227668845315904,1.71143571653235,0.356126142040066
0.402942567732885,0.0213069741900055,1.73012306659735,0.30945779451472
0.400367041399479,0.0221494817239498,1.72388197607032,0.354610296414627
0.399765749001149,0.0211570247933884,1.72285264247289,0.363195471003199
0.392678908888558,0.0213377556661139,1.70678479511572,0.37432328884527
0.392852012473975,0.0223322332233223,1.70626961887339,0.389523725470828
0.391384866614642,0.0232456140350877,1.70457115708431,0.370028260330693
0.392886670699738,0.0211275314723591,1.70657234079465,0.30534157669671
0.393984957026464,0.0231314784506274,1.70908286804811,0.35952947091879
0.398031075834856,0.0207920792079208,1.71835803197319,0.376145953678846
0.392995414860876,0.0213114754098361,1.70550086524523,0.402936184458344
0.39618718613057,0.0196846112017401,1.71498627757731,0.347292793904592
0.3937937121554,0.0217462932454695,1.70904296535269,0.375629033937284
0.401928885227897,0.0200657894736842,1.72668462271353,0.349064756334132
0.391558839366895,0.0208130081300813,1.70357092502034,0.339895258167687
0.395602658009355,0.0222585924713584,1.71211275663727,0.40173669248801
0.390898523439199,0.0217864923747277,1.70097476694755,0.342489608086289
0.39892403422349,0.0210180623973727,1.71960519197213,0.384980023820286
0.398670637582392,0.0217130387343153,1.72030621459428,0.400573914198999
0.38889176965402,0.0218938149972633,1.69724079482562,0.394557695409556
0.396812433382306,0.0204707170224412,1.71661034605967,0.373882076460388
0.38951776062892,0.0224780701754386,1.69834657527238,0.396076958958662
0.397626136190297,0.0240437158469945,1.71751032693784,0.352844948887536
0.39549472453102,0.0222222222222222,1.71252809487676,0.374917196242321
0.390014756781412,0.0220403709765412,1.69929233480186,0.365959006592138
0.396257556856348,0.0199021207177814,1.71405477122062,0.319012635479929
0.401015653459909,0.0240527182866557,1.72460169420179,0.357717772075605
0.394884215694297,0.0206820682068207,1.71134393148124,0.364149297329183
0.400698807504913,0.020655737704918,1.72508208725156,0.347678732948019
0.40361536023968,0.0191570881226054,1.73168100060718,0.332598193050815
0.39401989622356,0.0200988467874794,1.7093066733953,0.323967355274178
0.391399930767377,0.0226249313563976,1.70359416781829,0.318637979808523
0.39854069595937,0.023273518216422,1.72009692411975,0.369661713098523
0.399242358770489,0.0224411603721949,1.72100525700733,0.344114352289741
0.39557853643684,0.0227347611202636,1.71302301141412,0.37464470968395
0.394530117959483,0.0217799889441681,1.71044295112464,0.389614598125504
0.396191843237042,0.0208676551345415,1.71423562772282,0.358320300853226
0.395954310120506,0.0215300546448087,1.71425519003789,0.329370398974387
0.397046495549218,0.0212370005473454,1.71589616543353,0.319313558385028
0.394539684610965,0.0235035694673256,1.71008470933986,0.395321962572362
0.395580478119718,0.021822149481724,1.71219564521625,0.349846501367564
0.39459353797709,0.0212071778140294,1.71083312506869,0.347511626160625
0.392270684921833,0.0207046070460705,1.70422454813777,0.330208717561896
0.393233016590846,0.0209836065573771,1.70688185607304,0.324682778521785
0.390283678719038,0.0212719298245614,1.70127757197153,0.387696933039158
0.39496667953451,0.0219659527732015,1.71253392188483,0.329547345462312
0.391434044882321,0.0202517788724685,1.70443187997379,0.376357000975811
0.394110017630567,0.0219298245614035,1.70887680297131,0.395428367802032
0.394011180301583,0.0208609271523179,1.70887483981576,0.365657013094606
0.394866079840642,0.0233879781420765,1.70921278620274,0.393585671005688
0.395025438100622,0.0232786885245902,1.71186219167399,0.371617231209811
0.39491636625554,0.0212418300653595,1.71221437215135,0.350286409165114
0.397718993343214,0.0204458945078847,1.71795359593656,0.351755802062908
0.395977011494253,0.0207991242474001,1.71386980601638,0.340897408168345
0.389574595996303,0.0224043715846995,1.69973539358469,0.343123403106745
0.396487298895439,0.0207650273224044,1.71478813164186,0.405375211805693
0.394593524039985,0.0223316912972085,1.71090021412366,0.370436098642715
0.399175008110366,0.0215266337177375,1.72167520691002,0.370225157514506
0.393448346793307,0.021822149481724,1.7086098096884,0.402695286694832
0.395833758149768,0.0240043644298963,1.71298986659304,0.408823615630017
0.398813420174046,0.02633608815427,1.72010981065504,0.349116810253771
