Ref_ID,Source,Database Code in Data,Category,Website Link,Authors or Editors,Publisher or Institution,Reference,Reference Link
Ref1,Flora of North America,eFloras,Floras,http://www.efloras.org/,Flora of North America Editorial Committee,Oxford University Press,"Brach, Anthony & Song, Hong. (2006). eFloras: New Directions for Online Floras Exemplified by the Flora of China Project. Taxon. 55. 188. 10.2307/25065540. ",https://doi.org/10.2307/25065540
Ref2,Flora of China,eFloras,Floras,http://www.efloras.org/,"Wu, Z.Y., Raven, P.H. & Hong, D.Y.",Science Press; Missouri Botanical Garden Press,"Brach, Anthony & Song, Hong. (2006). eFloras: New Directions for Online Floras Exemplified by the Flora of China Project. Taxon. 55. 188. 10.2307/25065540. ",https://doi.org/10.2307/25065540
Ref3,Flora of Chile,eFloras,Floras,http://www.efloras.org/,"Marticorena, C. & Rodríguez, R.",Universidad de Concepción,"Brach, Anthony & Song, Hong. (2006). eFloras: New Directions for Online Floras Exemplified by the Flora of China Project. Taxon. 55. 188. 10.2307/25065540.",https://doi.org/10.2307/25065540
Ref4,Flora of Pakistan,eFloras,Floras,http://www.efloras.org/,"Nasir, E. & Ali, S.I.",University of Karachi; Agricultural Research Council,"Brach, Anthony & Song, Hong. (2006). eFloras: New Directions for Online Floras Exemplified by the Flora of China Project. Taxon. 55. 188. 10.2307/25065540.",https://doi.org/10.2307/25065540
Ref5,Trees and shrubs of the Andes of Ecuador,eFloras,Floras,http://www.efloras.org/,"Ulloa Ulloa, C. & Jørgensen, P.M.",Missouri Botanical Garden Press,"Brach, Anthony & Song, Hong. (2006). eFloras: New Directions for Online Floras Exemplified by the Flora of China Project. Taxon. 55. 188. 10.2307/25065540.",https://doi.org/10.2307/25065540
Ref6,Araceae Ecuador,eFloras,Floras,http://www.efloras.org/,Missouri Botanical Garden,Missouri Botanical Garden Press,"Brach, Anthony & Song, Hong. (2006). eFloras: New Directions for Online Floras Exemplified by the Flora of China Project. Taxon. 55. 188. 10.2307/25065540.",https://doi.org/10.2307/25065540
Ref7,Chinese Plant Names,eFloras,Floras,http://www.efloras.org/,"Meyer, F.N.",Chinese & Japanese Publications,"Brach, Anthony & Song, Hong. (2006). eFloras: New Directions for Online Floras Exemplified by the Flora of China Project. Taxon. 55. 188. 10.2307/25065540.",https://doi.org/10.2307/25065540
Ref8,Moss Flora of China,eFloras,Floras,http://www.efloras.org/,"Gao, C. & Crosby, M.R.",Science Press; Missouri Botanical Garden Press,"Brach, Anthony & Song, Hong. (2006). eFloras: New Directions for Online Floras Exemplified by the Flora of China Project. Taxon. 55. 188. 10.2307/25065540.",https://doi.org/10.2307/25065540
Ref9,Flora of Australia Online,Flora_of_Australia_Online,Floras,https://profiles.ala.org.au/opus/foa,Australian Biological Resources Study,Department of the Environment and Heritage,"Flora of Australia Online. Australian Biological Resources Study, Canberra.",NA
Ref10,Brazilian Flora 2020,World_Flora_Online,Floras,https://www.worldfloraonline.org/,The Brazil Flora Group,Instituto de Pesquisas Jardim Botânico do Rio de Janeiro,"Borsch, Thomas & Berendsohn, Walter & Dalcin, Eduardo & Delmas, Maïté & Demissew, Sebsebe & Elliott, Alan & Fritsch, Peter & Fuchs, Anne & Geltman, Dmitry & Güner, Adil & Haevermans, Thomas & Knapp, Sandra & Le Roux, Margaretha & Loizeau, Pierre-André & Miller, Chuck & Miller, James & Miller, Joseph & Palese, Raoul & Paton, Alan & Zamora, Nelson. (2020). World Flora Online: Placing taxonomists at the heart of a definitive and comprehensive global resource on the world's plants. Taxon. 69. 10.1002/tax.12373. ",https://doi.org/10.1002/tax.12373
Ref11,e Flora of South Africa,World_Flora_Online,Floras,https://www.worldfloraonline.org/,South African National Biodiversity Institute,South African National Biodiversity Institute,"Borsch, Thomas & Berendsohn, Walter & Dalcin, Eduardo & Delmas, Maïté & Demissew, Sebsebe & Elliott, Alan & Fritsch, Peter & Fuchs, Anne & Geltman, Dmitry & Güner, Adil & Haevermans, Thomas & Knapp, Sandra & Le Roux, Margaretha & Loizeau, Pierre-André & Miller, Chuck & Miller, James & Miller, Joseph & Palese, Raoul & Paton, Alan & Zamora, Nelson. (2020). World Flora Online: Placing taxonomists at the heart of a definitive and comprehensive global resource on the world's plants. Taxon. 69. 10.1002/tax.12373. ",https://doi.org/10.1002/tax.12373
Ref12,Flora of West Tropical Africa,World_Flora_Online,Floras,https://www.worldfloraonline.org/,"Hutchinson, J., Dalziel, J.M. et al.",Crown Agents for Oversea Governments and Administrations,"Borsch, Thomas & Berendsohn, Walter & Dalcin, Eduardo & Delmas, Maïté & Demissew, Sebsebe & Elliott, Alan & Fritsch, Peter & Fuchs, Anne & Geltman, Dmitry & Güner, Adil & Haevermans, Thomas & Knapp, Sandra & Le Roux, Margaretha & Loizeau, Pierre-André & Miller, Chuck & Miller, James & Miller, Joseph & Palese, Raoul & Paton, Alan & Zamora, Nelson. (2020). World Flora Online: Placing taxonomists at the heart of a definitive and comprehensive global resource on the world's plants. Taxon. 69. 10.1002/tax.12373.",https://doi.org/10.1002/tax.12373
Ref13,Flora Zambesiaca,World_Flora_Online,Floras,https://www.worldfloraonline.org/,"Stedje, B., Kativu, S. et al.","Royal Botanic Gardens, Kew","Borsch, Thomas & Berendsohn, Walter & Dalcin, Eduardo & Delmas, Maïté & Demissew, Sebsebe & Elliott, Alan & Fritsch, Peter & Fuchs, Anne & Geltman, Dmitry & Güner, Adil & Haevermans, Thomas & Knapp, Sandra & Le Roux, Margaretha & Loizeau, Pierre-André & Miller, Chuck & Miller, James & Miller, Joseph & Palese, Raoul & Paton, Alan & Zamora, Nelson. (2020). World Flora Online: Placing taxonomists at the heart of a definitive and comprehensive global resource on the world's plants. Taxon. 69. 10.1002/tax.12373.",https://doi.org/10.1002/tax.12373
Ref14,Flore d Afrique Centrale,World_Flora_Online,Floras,https://www.worldfloraonline.org/,National Botanic Garden of Belgium,National Botanic Garden of Belgium,"Borsch, Thomas & Berendsohn, Walter & Dalcin, Eduardo & Delmas, Maïté & Demissew, Sebsebe & Elliott, Alan & Fritsch, Peter & Fuchs, Anne & Geltman, Dmitry & Güner, Adil & Haevermans, Thomas & Knapp, Sandra & Le Roux, Margaretha & Loizeau, Pierre-André & Miller, Chuck & Miller, James & Miller, Joseph & Palese, Raoul & Paton, Alan & Zamora, Nelson. (2020). World Flora Online: Placing taxonomists at the heart of a definitive and comprehensive global resource on the world's plants. Taxon. 69. 10.1002/tax.12373.",https://doi.org/10.1002/tax.12373
Ref15,Flore du Gabon,World_Flora_Online,Floras,https://www.worldfloraonline.org/,"Aubréville, A., Leroy, J.F. & Morat, P.",Muséum National d'Histoire Naturelle,"Borsch, Thomas & Berendsohn, Walter & Dalcin, Eduardo & Delmas, Maïté & Demissew, Sebsebe & Elliott, Alan & Fritsch, Peter & Fuchs, Anne & Geltman, Dmitry & Güner, Adil & Haevermans, Thomas & Knapp, Sandra & Le Roux, Margaretha & Loizeau, Pierre-André & Miller, Chuck & Miller, James & Miller, Joseph & Palese, Raoul & Paton, Alan & Zamora, Nelson. (2020). World Flora Online: Placing taxonomists at the heart of a definitive and comprehensive global resource on the world's plants. Taxon. 69. 10.1002/tax.12373.",https://doi.org/10.1002/tax.12373
Ref16,Flora of Thailand,World_Flora_Online,Floras,https://www.worldfloraonline.org/,"Smitinand, T. & Larsen, K.",Applied Scientific Research Corporation of Thailand,"Borsch, Thomas & Berendsohn, Walter & Dalcin, Eduardo & Delmas, Maïté & Demissew, Sebsebe & Elliott, Alan & Fritsch, Peter & Fuchs, Anne & Geltman, Dmitry & Güner, Adil & Haevermans, Thomas & Knapp, Sandra & Le Roux, Margaretha & Loizeau, Pierre-André & Miller, Chuck & Miller, James & Miller, Joseph & Palese, Raoul & Paton, Alan & Zamora, Nelson. (2020). World Flora Online: Placing taxonomists at the heart of a definitive and comprehensive global resource on the world's plants. Taxon. 69. 10.1002/tax.12373.",https://doi.org/10.1002/tax.12373
Ref17,Flora de Colombia,World_Flora_Online,Floras,https://www.worldfloraonline.org/,Natural Sciences Institute (UNAL) & COLCIENCIAS,Natural Sciences Institute (UNAL) & COLCIENCIAS,"Borsch, Thomas & Berendsohn, Walter & Dalcin, Eduardo & Delmas, Maïté & Demissew, Sebsebe & Elliott, Alan & Fritsch, Peter & Fuchs, Anne & Geltman, Dmitry & Güner, Adil & Haevermans, Thomas & Knapp, Sandra & Le Roux, Margaretha & Loizeau, Pierre-André & Miller, Chuck & Miller, James & Miller, Joseph & Palese, Raoul & Paton, Alan & Zamora, Nelson. (2020). World Flora Online: Placing taxonomists at the heart of a definitive and comprehensive global resource on the world's plants. Taxon. 69. 10.1002/tax.12373.",https://doi.org/10.1002/tax.12373
Ref18,Flora de Nicaragua,World_Flora_Online,Floras,https://www.worldfloraonline.org/,"Stevens, W.D.",Missouri Botanical Garden Press,"Borsch, Thomas & Berendsohn, Walter & Dalcin, Eduardo & Delmas, Maïté & Demissew, Sebsebe & Elliott, Alan & Fritsch, Peter & Fuchs, Anne & Geltman, Dmitry & Güner, Adil & Haevermans, Thomas & Knapp, Sandra & Le Roux, Margaretha & Loizeau, Pierre-André & Miller, Chuck & Miller, James & Miller, Joseph & Palese, Raoul & Paton, Alan & Zamora, Nelson. (2020). World Flora Online: Placing taxonomists at the heart of a definitive and comprehensive global resource on the world's plants. Taxon. 69. 10.1002/tax.12373.",https://doi.org/10.1002/tax.12373
Ref19,Flora de Panama,World_Flora_Online,Floras,https://www.worldfloraonline.org/,"Woodson, R.E. & Schery, R.W.",Missouri Botanical Garden,"Borsch, Thomas & Berendsohn, Walter & Dalcin, Eduardo & Delmas, Maïté & Demissew, Sebsebe & Elliott, Alan & Fritsch, Peter & Fuchs, Anne & Geltman, Dmitry & Güner, Adil & Haevermans, Thomas & Knapp, Sandra & Le Roux, Margaretha & Loizeau, Pierre-André & Miller, Chuck & Miller, James & Miller, Joseph & Palese, Raoul & Paton, Alan & Zamora, Nelson. (2020). World Flora Online: Placing taxonomists at the heart of a definitive and comprehensive global resource on the world's plants. Taxon. 69. 10.1002/tax.12373.",https://doi.org/10.1002/tax.12373
Ref20,Flora of Taiwan 2nd Edition,World_Flora_Online,Floras,https://www.worldfloraonline.org/,Editorial Committee of the Flora of Taiwan,National Taiwan University,"Borsch, Thomas & Berendsohn, Walter & Dalcin, Eduardo & Delmas, Maïté & Demissew, Sebsebe & Elliott, Alan & Fritsch, Peter & Fuchs, Anne & Geltman, Dmitry & Güner, Adil & Haevermans, Thomas & Knapp, Sandra & Le Roux, Margaretha & Loizeau, Pierre-André & Miller, Chuck & Miller, James & Miller, Joseph & Palese, Raoul & Paton, Alan & Zamora, Nelson. (2020). World Flora Online: Placing taxonomists at the heart of a definitive and comprehensive global resource on the world's plants. Taxon. 69. 10.1002/tax.12373.",https://doi.org/10.1002/tax.12373
Ref21,Manual de Plantas de Costa Rica,World_Flora_Online,Floras,https://www.worldfloraonline.org/,"Hammel, B.E. et al.",Missouri Botanical Garden Press,"Borsch, Thomas & Berendsohn, Walter & Dalcin, Eduardo & Delmas, Maïté & Demissew, Sebsebe & Elliott, Alan & Fritsch, Peter & Fuchs, Anne & Geltman, Dmitry & Güner, Adil & Haevermans, Thomas & Knapp, Sandra & Le Roux, Margaretha & Loizeau, Pierre-André & Miller, Chuck & Miller, James & Miller, Joseph & Palese, Raoul & Paton, Alan & Zamora, Nelson. (2020). World Flora Online: Placing taxonomists at the heart of a definitive and comprehensive global resource on the world's plants. Taxon. 69. 10.1002/tax.12373.",https://doi.org/10.1002/tax.12373
Ref22,North Eastern Flora,World_Flora_Online,Floras,https://www.worldfloraonline.org/,"Naczi, R. et al.",The New York Botanical Garden,"Borsch, Thomas & Berendsohn, Walter & Dalcin, Eduardo & Delmas, Maïté & Demissew, Sebsebe & Elliott, Alan & Fritsch, Peter & Fuchs, Anne & Geltman, Dmitry & Güner, Adil & Haevermans, Thomas & Knapp, Sandra & Le Roux, Margaretha & Loizeau, Pierre-André & Miller, Chuck & Miller, James & Miller, Joseph & Palese, Raoul & Paton, Alan & Zamora, Nelson. (2020). World Flora Online: Placing taxonomists at the heart of a definitive and comprehensive global resource on the world's plants. Taxon. 69. 10.1002/tax.12373.",https://doi.org/10.1002/tax.12373
Ref23,Plants of the World Online,World_Flora_Online,Floras,https://www.worldfloraonline.org/,POWO Editorial Board,"Royal Botanic Gardens, Kew","Borsch, Thomas & Berendsohn, Walter & Dalcin, Eduardo & Delmas, Maïté & Demissew, Sebsebe & Elliott, Alan & Fritsch, Peter & Fuchs, Anne & Geltman, Dmitry & Güner, Adil & Haevermans, Thomas & Knapp, Sandra & Le Roux, Margaretha & Loizeau, Pierre-André & Miller, Chuck & Miller, James & Miller, Joseph & Palese, Raoul & Paton, Alan & Zamora, Nelson. (2020). World Flora Online: Placing taxonomists at the heart of a definitive and comprehensive global resource on the world's plants. Taxon. 69. 10.1002/tax.12373.",https://doi.org/10.1002/tax.12373
Ref24,The Illustrated Flora of Turkey,World_Flora_Online,Floras,https://www.worldfloraonline.org/,"Çıngay, B. et al.",ANG Foundation; Nezahat Gökyiğit Botanical Garden,"Borsch, Thomas & Berendsohn, Walter & Dalcin, Eduardo & Delmas, Maïté & Demissew, Sebsebe & Elliott, Alan & Fritsch, Peter & Fuchs, Anne & Geltman, Dmitry & Güner, Adil & Haevermans, Thomas & Knapp, Sandra & Le Roux, Margaretha & Loizeau, Pierre-André & Miller, Chuck & Miller, James & Miller, Joseph & Palese, Raoul & Paton, Alan & Zamora, Nelson. (2020). World Flora Online: Placing taxonomists at the heart of a definitive and comprehensive global resource on the world's plants. Taxon. 69. 10.1002/tax.12373.",https://doi.org/10.1002/tax.12373
Ref25,Flora Helvetica,World_Flora_Online,Floras,https://www.worldfloraonline.org/,"Lauber, K., Wagner, G. et al.",Haupt Verlag,"Borsch, Thomas & Berendsohn, Walter & Dalcin, Eduardo & Delmas, Maïté & Demissew, Sebsebe & Elliott, Alan & Fritsch, Peter & Fuchs, Anne & Geltman, Dmitry & Güner, Adil & Haevermans, Thomas & Knapp, Sandra & Le Roux, Margaretha & Loizeau, Pierre-André & Miller, Chuck & Miller, James & Miller, Joseph & Palese, Raoul & Paton, Alan & Zamora, Nelson. (2020). World Flora Online: Placing taxonomists at the heart of a definitive and comprehensive global resource on the world's plants. Taxon. 69. 10.1002/tax.12373.",https://doi.org/10.1002/tax.12373
Ref26,Flora Neotropica,World_Flora_Online,Floras,https://www.worldfloraonline.org/,Organization for Flora Neotropica,The New York Botanical Garden Press; Springer Nature,"Borsch, Thomas & Berendsohn, Walter & Dalcin, Eduardo & Delmas, Maïté & Demissew, Sebsebe & Elliott, Alan & Fritsch, Peter & Fuchs, Anne & Geltman, Dmitry & Güner, Adil & Haevermans, Thomas & Knapp, Sandra & Le Roux, Margaretha & Loizeau, Pierre-André & Miller, Chuck & Miller, James & Miller, Joseph & Palese, Raoul & Paton, Alan & Zamora, Nelson. (2020). World Flora Online: Placing taxonomists at the heart of a definitive and comprehensive global resource on the world's plants. Taxon. 69. 10.1002/tax.12373.",https://doi.org/10.1002/tax.12373
Ref27,Flora of the U.S.S.R.,World_Flora_Online,Floras,https://www.worldfloraonline.org/,"Komarov, V.L.",Bishen Singh Mahendra Pal Singh; Koeltz Scientific Books,"Borsch, Thomas & Berendsohn, Walter & Dalcin, Eduardo & Delmas, Maïté & Demissew, Sebsebe & Elliott, Alan & Fritsch, Peter & Fuchs, Anne & Geltman, Dmitry & Güner, Adil & Haevermans, Thomas & Knapp, Sandra & Le Roux, Margaretha & Loizeau, Pierre-André & Miller, Chuck & Miller, James & Miller, Joseph & Palese, Raoul & Paton, Alan & Zamora, Nelson. (2020). World Flora Online: Placing taxonomists at the heart of a definitive and comprehensive global resource on the world's plants. Taxon. 69. 10.1002/tax.12373.",https://doi.org/10.1002/tax.12373
Ref28,Rhododendron Research Network,World_Flora_Online,Floras,https://www.worldfloraonline.org/,American Rhododendron Society,American Rhododendron Society,"Borsch, Thomas & Berendsohn, Walter & Dalcin, Eduardo & Delmas, Maïté & Demissew, Sebsebe & Elliott, Alan & Fritsch, Peter & Fuchs, Anne & Geltman, Dmitry & Güner, Adil & Haevermans, Thomas & Knapp, Sandra & Le Roux, Margaretha & Loizeau, Pierre-André & Miller, Chuck & Miller, James & Miller, Joseph & Palese, Raoul & Paton, Alan & Zamora, Nelson. (2020). World Flora Online: Placing taxonomists at the heart of a definitive and comprehensive global resource on the world's plants. Taxon. 69. 10.1002/tax.12373.",https://doi.org/10.1002/tax.12373
Ref29,A Color Atlas of Wild Orchids of China,World_Flora_Online,Floras,https://www.worldfloraonline.org/,"Chen, X.Q.",Science Press,"Borsch, Thomas & Berendsohn, Walter & Dalcin, Eduardo & Delmas, Maïté & Demissew, Sebsebe & Elliott, Alan & Fritsch, Peter & Fuchs, Anne & Geltman, Dmitry & Güner, Adil & Haevermans, Thomas & Knapp, Sandra & Le Roux, Margaretha & Loizeau, Pierre-André & Miller, Chuck & Miller, James & Miller, Joseph & Palese, Raoul & Paton, Alan & Zamora, Nelson. (2020). World Flora Online: Placing taxonomists at the heart of a definitive and comprehensive global resource on the world's plants. Taxon. 69. 10.1002/tax.12373.",https://doi.org/10.1002/tax.12373
Ref30,Brittonia,World_Flora_Online,Journal,https://www.worldfloraonline.org/,NA,The New York Botanical Garden Press; Springer Nature,"Borsch, Thomas & Berendsohn, Walter & Dalcin, Eduardo & Delmas, Maïté & Demissew, Sebsebe & Elliott, Alan & Fritsch, Peter & Fuchs, Anne & Geltman, Dmitry & Güner, Adil & Haevermans, Thomas & Knapp, Sandra & Le Roux, Margaretha & Loizeau, Pierre-André & Miller, Chuck & Miller, James & Miller, Joseph & Palese, Raoul & Paton, Alan & Zamora, Nelson. (2020). World Flora Online: Placing taxonomists at the heart of a definitive and comprehensive global resource on the world's plants. Taxon. 69. 10.1002/tax.12373.",https://doi.org/10.1002/tax.12373
Ref31,Flora of the Lucayan Archipelago,World_Flora_Online,Floras,https://www.worldfloraonline.org/,Leon Levy Native Plant Preserve,Leon Levy Native Plant Preserve,"Borsch, Thomas & Berendsohn, Walter & Dalcin, Eduardo & Delmas, Maïté & Demissew, Sebsebe & Elliott, Alan & Fritsch, Peter & Fuchs, Anne & Geltman, Dmitry & Güner, Adil & Haevermans, Thomas & Knapp, Sandra & Le Roux, Margaretha & Loizeau, Pierre-André & Miller, Chuck & Miller, James & Miller, Joseph & Palese, Raoul & Paton, Alan & Zamora, Nelson. (2020). World Flora Online: Placing taxonomists at the heart of a definitive and comprehensive global resource on the world's plants. Taxon. 69. 10.1002/tax.12373.",https://doi.org/10.1002/tax.12373
Ref32,Memoirs of the NYBG,World_Flora_Online,Journal,https://www.worldfloraonline.org/,NA,The New York Botanical Garden Press; Springer Nature,"Borsch, Thomas & Berendsohn, Walter & Dalcin, Eduardo & Delmas, Maïté & Demissew, Sebsebe & Elliott, Alan & Fritsch, Peter & Fuchs, Anne & Geltman, Dmitry & Güner, Adil & Haevermans, Thomas & Knapp, Sandra & Le Roux, Margaretha & Loizeau, Pierre-André & Miller, Chuck & Miller, James & Miller, Joseph & Palese, Raoul & Paton, Alan & Zamora, Nelson. (2020). World Flora Online: Placing taxonomists at the heart of a definitive and comprehensive global resource on the world's plants. Taxon. 69. 10.1002/tax.12373.",https://doi.org/10.1002/tax.12373
Ref33,Novon,World_Flora_Online,Journal,https://www.worldfloraonline.org/,NA,Missouri Botanical Garden Press,"Borsch, Thomas & Berendsohn, Walter & Dalcin, Eduardo & Delmas, Maïté & Demissew, Sebsebe & Elliott, Alan & Fritsch, Peter & Fuchs, Anne & Geltman, Dmitry & Güner, Adil & Haevermans, Thomas & Knapp, Sandra & Le Roux, Margaretha & Loizeau, Pierre-André & Miller, Chuck & Miller, James & Miller, Joseph & Palese, Raoul & Paton, Alan & Zamora, Nelson. (2020). World Flora Online: Placing taxonomists at the heart of a definitive and comprehensive global resource on the world's plants. Taxon. 69. 10.1002/tax.12373.",https://doi.org/10.1002/tax.12373
Ref34,Solanaceae,World_Flora_Online,Floras,https://www.worldfloraonline.org/,"Rocha, I.S.",Nova Science Publishers,"Borsch, Thomas & Berendsohn, Walter & Dalcin, Eduardo & Delmas, Maïté & Demissew, Sebsebe & Elliott, Alan & Fritsch, Peter & Fuchs, Anne & Geltman, Dmitry & Güner, Adil & Haevermans, Thomas & Knapp, Sandra & Le Roux, Margaretha & Loizeau, Pierre-André & Miller, Chuck & Miller, James & Miller, Joseph & Palese, Raoul & Paton, Alan & Zamora, Nelson. (2020). World Flora Online: Placing taxonomists at the heart of a definitive and comprehensive global resource on the world's plants. Taxon. 69. 10.1002/tax.12373.",https://doi.org/10.1002/tax.12373
Ref35,TRY,TRY,Dataset,https://www.try-db.org/,,NA,"Kattge, Jens & Bönisch, Gerhard & Diaz, Sandra & Lavorel, Sandra & Prentice, Iain & Leadley, Paul & Tautenhahn, Susanne & Werner, Gijsbert & Aakala, Tuomas & Abedi, Mehdi & Acosta, Alicia & Adamidis, George & Adamson, Kairi & Aiba, Masahiro & Albert, Cécile & Alcántara, Julio & Alcázar Caicedo, Carolina & Aleixo, Izabela & Ali, Hamada & Wirth, Christian. (2019). TRY plant trait database – enhanced coverage and open access. Global Change Biology. 26. 119-188. 10.1111/gcb.14904. ",https://doi.org/10.1111/gcb.14904
Ref36,GIFT,GIFT,Dataset,https://biogeomacro.github.io/GIFT/,,NA,"Weigelt, Patrick & König, Christian & Kreft, Holger. (2019). GIFT – A Global Inventory of Floras and Traits for macroecology and biogeography. Journal of Biogeography. 47. 16-43. 10.1111/jbi.13623. ",https://doi.org/10.1111/jbi.13623
Ref37,Tree of Sex,Tree_of_Sex,Dataset,https://www.treeofsex.org/,,NA,"Ashman, Tia-Lynn & Bachtrog, Doris & Blackmon, Heath & Goldberg, Emma & Hahn, Matthew & Kirkpatrick, Mark & Kitano, Jun & Mank, Judith & Mayrose, Itay & Ming, Ray & Otto, Sarah & Peichel, Catherine & Pennell, Matthew & Perrin, Nicolas & Ross, Laura & Valenzuela, Nicole & Vamosi, Jana. (2014). Tree of Sex: A database of sexual systems. Scientific Data. 1. 140015. 10.1038/sdata.2014.15. ",https://doi.org/10.1038/sdata.2014.15
Ref38,GF Articale1,Artical,Artical,NA,,NA,"Luo, Ao & Xu, Xiaoting & Liu, Yunpeng & Li, Yaoqi & Su, Xiangyan & Li, Yichao & Lyu, Tong & Dimitrov, Dimitar & Larjavaara, Markku & Peng, Shijia & Chen, Yongsheng & Wang, Qinggang & Zimmermann, Niklaus & Pellissier, Loïc & Schmid, Bernhard & Wang, Zhiheng. (2022). Spatio‐temporal patterns in the woodiness of flowering plants. Global Ecology and Biogeography. 32. 10.1111/geb.13627. ",https://doi.org/10.1111/geb.13627
Ref39,GF Articale2,Artical,Artical,NA,,NA,"Zanne, Amy & Tank, David & Cornwell, William & Eastman, Jonathan & Smith, Stephen & FitzJohn, Richard & McGlinn, Daniel & O'Meara, Brian & Moles, Angela & Reich, Peter & Royer, Dana & Stevens, Peter & Westoby, Mark & Wright, Ian & Aarssen, Lonnie & Bertin, Robert & Calaminus, Andre & Govaerts, Rafaël. (2013). Three keys to the radiation of angiosperms into freezing environments. Nature. 506. 89–92. 10.1038/nature12872. ",https://doi.org/10.1038/nature12872
Ref40,LC Articale1,Artical,Artical,NA,,NA,"Poppenwimer, Tyler & Mayrose, Itay & DeMalach, Niv. (2023). Revising the global biogeography of annual and perennial plants. Nature. 624. 1-6. 10.1038/s41586-023-06644-x. ",https://doi.org/10.1038/s41586-023-06644-x
Ref41,SS Articale1,Artical,Artical,NA,,NA,"Wang, Yunyun & Luo, Ao & Lyu, Tong & Dimitrov, Dimitar & Xu, Xiaoting & Freckleton, Robert & Li, Yaoqi & Su, Xiangyan & Li, Yichao & Liu, Yunpeng & Sandanov, Denis & Li, Qingjun & Hao, Zhanqing & Liu, Shuguang & Wang, Zhiheng. (2021). Global distribution and evolutionary transitions of angiosperm sexual systems. Ecology Letters. 24. 1835-1847. 10.1111/ele.13815. ",https://doi.org/10.1111/ele.13815
Ref42,IF Articale1,Artical,Artical,NA,,NA,"Wang, Yunyun & Luo, Ao & Dimitrov, Dimitar & Freckleton, Robert & Hao, Zhanqing & Wang, Zhiheng. (2025). Global biogeography and macroevolutionary patterns of angiosperm inflorescence types. New Phytologist. 247. 358-368. 10.1111/nph.70196. ",https://doi.org/10.1111/nph.70196
Ref43,OP Articale1,Artical,Artical,NA,,NA,"Fishbein, Mark & Kuzoff, Robert. (2003). Reevaluating the Evolution of Epigyny: Data from Phylogenetics and Floral Ontogeny. International Journal of Plant Sciences - INT J PLANT SCI. 164. 10.1086/376876. ",https://doi.org/10.1086/376876
Ref44,FS Articale1,Artical,Artical,NA,,NA,"Wang Y, Luo A, Lyu T, Dimitrov D, Liu Y, Li Y, Xu X, Freckleton RP, Hao Z, Wang Z. Global distribution and evolutionary transitions of floral symmetry in angiosperms. Sci Adv. 2023 Oct 27;9(43):eadg2555. 10.1126/sciadv.adg2555.",https://doi.org/10.1126/sciadv.adg2555.
