ECO_ID,EnvPC1,EnvPC2,EnvPC3
10105,0.504854862028159,-4.36524909134186,-2.0480927394833
10106,1.49839227803573,-2.54589729126261,-0.175105678332379
10107,0.463755581281524,-3.62808085392074,-1.97276245608882
10109,0.238676353983892,-1.95517758061845,0.626008432525507
10111,2.06848410393174,-4.72726519449839,-0.191643464818109
10113,0.98929627464259,-1.7237641233014,-0.0464356810536154
10115,1.50998131955324,-3.60728091436038,0.390208579284263
10117,1.55605492016017,-0.759451619566472,0.325468694103884
10119,1.94809186289558,-3.72311127312902,-0.337432669334189
10120,1.09528946917397,-2.50849635706154,-0.95093379620255
10123,1.79761554629118,-2.353544387456,-0.00724011911901163
10124,1.0639404802659,-2.92470624229279,-1.56145905011065
10126,1.52268897082416,-3.04122515006364,-0.235957094654081
10128,1.57876186581015,-3.6220192056877,0.084009102542218
10201,1.78190968924704,-1.19589911958622,-0.459823963604856
10202,1.45077881822798,-0.907604853111191,0.98292137400127
10204,2.20098277219428,-0.0442118781266518,-0.324510273230436
10401,-1.72394051923566,-1.9849695771218,1.88704580806703
10402,0.673903491771845,0.236825220381912,0.542178030763713
10403,-1.92408512310423,-3.51103168966558,-1.5917874511611
10404,-1.25404606497178,-3.22911963193114,-0.791946724551813
10405,-0.679438582951673,-1.69663892901797,0.477702300551343
10406,-0.370680146779298,-1.87553731517749,0.99290117615707
10407,-1.35108633258817,-1.99244788667372,0.825521196403178
10408,-1.11020083721778,-1.81110160192021,-0.306481155992864
10409,-0.0423833850783929,0.330233298501673,0.881286827845485
10410,-1.19048128882074,-1.72669649177915,0.875200404317905
10411,-1.1018969229469,-0.776171285176536,0.412288710834026
10412,-0.694338313374512,-0.755621816631148,0.909086085573176
10413,-0.961909815114223,-1.8097094716056,0.483206107105766
10414,-0.866184299949803,-5.00059867679642,-1.07244990564182
10701,3.05508848329605,0.951222257483094,0.56308337630808
10702,1.72303097925784,1.52158300246124,0.994767350447087
10703,2.70446221386635,0.396700327246435,0.631130045227017
10704,3.15598662176051,1.9765843519624,0.822318510978538
10705,2.52815197016544,1.66665013264175,0.395412776537201
10706,3.57734551931673,2.18206460451479,0.562301211016121
10707,2.64957674583261,2.62626350884231,1.22273028698021
10708,1.97878725822242,-1.41926286621572,0.851455946859591
10709,3.45083945806232,2.61254627161734,0.780163251157549
10801,-1.05746329382627,-0.801018354171365,0.463884969323647
10802,1.94197745925613,2.24825770935096,1.3055955476129
10803,0.916549161457094,1.58018155920023,1.50447476288911
11001,-1.18599964316025,-0.422759056808438,-0.62305048787309
11002,-0.889049820499071,-4.71874474228363,-3.60693985553788
11003,-1.82103445683916,-2.60268001521196,-2.05117761931627
11101,-2.48238492734396,-2.41136007708232,0.641112079282457
11201,1.5739128533967,2.04196264383821,1.33548178755798
11202,1.16686869366102,1.47950865087277,1.30093655684716
11203,1.37369032454016,1.62695255558704,1.5140514693626
11204,1.06992048529576,-0.185036364663185,1.0092784704537
11205,1.9788120272999,0.918715731675622,1.068719736569
11206,0.943425768534795,1.12026795364459,1.07904575755438
11207,0.97745218264144,1.80385202385854,1.64497575214797
11208,0.41970635451059,0.458824804538179,1.51466092627823
11209,2.00642377159232,2.20757590626999,1.08369611327536
11210,1.44765762939803,1.04916726570626,0.814726783005888
11301,3.20052179642899,2.65744582898173,1.27215526504325
11302,2.72676752646852,2.89236293149034,1.0248723759135
11304,3.42757460133882,2.85229030327528,0.958896100380854
11305,2.18575965961382,2.38340824966723,1.39238040548609
11306,1.78914088041129,2.33321036820451,1.69039452786737
11307,3.41589064701104,3.2301479399711,0.997250160565674
11308,2.25556412379505,2.47075765936273,1.59470436127536
11309,1.78797952588126,2.44629531253141,1.69905389918485
11310,2.58336246711216,2.95813851825423,1.24375921752899
30101,0.42527792712688,-0.779019381747978,-0.996718793618179
30102,0.78226147917291,-2.512991898105,0.0420582369025609
30103,0.899930775842555,-1.15454333973315,-1.10715837031532
30105,1.88365060345636,-1.46057511957666,-0.820599520102067
30107,1.09522963425801,-2.84423174915192,-0.175590265464447
30108,0.772997522928741,0.354694322247998,-1.13673390200964
30109,0.920208346223668,0.12015613114707,-0.982963115882184
30110,1.04905866290294,-2.35218205459441,0.496450656865435
30111,1.62989710963335,-0.931921701677097,0.491681457869714
30112,1.864360576703,0.974713002740541,-1.03027642945469
30113,2.06878619241243,-1.47864310209078,-0.239172630906418
30114,1.94081090435741,-0.110405910044981,-0.516090498132451
30115,0.748207553139946,0.917946808801185,0.440772744948891
30116,0.875592304764499,-0.0813668445613291,0.685479110863343
30117,1.19934870755788,-1.75889746571717,-0.0635500557490523
30118,1.52557214859205,0.192078865174861,-0.586895930706012
30119,1.61224734568739,0.469699448595593,0.824421993175912
30120,1.08952280873615,-1.6900394974928,-0.691400570379864
30121,0.44123875540125,-3.44873072387205,-2.80609195540263
30122,1.09969611903323,-2.52959220551419,0.596196017472347
30123,1.38186392711149,-1.37635945830799,0.540744412213871
30124,1.30015295266885,-1.77238003327612,0.145878832201972
30125,1.9789883549133,0.0900821293945549,1.01014944707677
30126,0.912925733054932,-1.92578207357386,0.205421293259796
30127,0.473191314133413,-2.2404116409874,-0.353912241204892
30128,2.13242411054775,0.355286510676092,0.590041083440361
30130,1.65503418043668,-2.06328769358659,0.297602246761773
30201,2.21970645183773,1.55799757929147,0.0286432464146921
30202,2.95631852746669,0.674346110330677,0.244463468497581
30701,1.99551375354333,0.802637286747008,-0.550153003872621
30702,2.64990841020459,3.01084808361559,-0.117911314731945
30704,1.46892699750878,0.491614041417017,-0.175013553585984
30705,2.47998774230347,0.770695047652217,0.322954632274086
30706,1.84128206995335,0.334895141772223,0.0332472381471842
30707,1.99428179904296,-0.064645246832331,0.104584393137887
30709,2.96200809026622,2.99721347424731,0.00742584116647806
30710,2.87180423385608,1.85973231517211,-0.218550932157065
30711,2.00964970901474,1.19588940832887,0.243137549864775
30712,1.77043649019547,-0.506132940398582,0.146467722071978
30713,3.56652938966264,2.8949528124676,0.59769381912548
30714,1.3392350412455,1.08215655095466,-0.240660047442474
30715,2.97969701440984,2.31822217512421,0.564036545484819
30716,1.64774470874499,0.995971237093608,-0.0332428510661844
30717,2.12382552257473,2.37297875449332,-0.0543472852563339
30718,1.35378351316823,-1.09531347439541,0.028842414760946
30719,1.9568952781952,1.57157642353377,-0.111745776258679
30721,1.19066244773657,-0.606207725488223,-0.101796756551656
30722,3.10400180816282,1.57126473844269,0.49011025293408
30723,1.28708230104455,-1.19034441231776,-0.125384582747132
30725,2.13402624018423,1.69866029171307,0.33550447331813
30726,2.86918351062678,2.42544342618472,-0.15896323058793
30907,1.87637146936561,1.23991808371712,0.207457119933226
31003,0.157061185041233,1.78736648886693,-2.11976025724607
31004,0.899187811925427,1.43739782121776,-0.60544684926789
31005,-0.39814278683181,-0.149620122781025,-3.0059097464341
31006,1.21110680030061,1.06942580952136,-1.19459452627633
31007,1.42006731239205,0.991012435755869,-1.73439028237254
31008,0.855612692293626,1.12660906694252,-2.6823161281881
31009,1.30122193233749,2.2980823902682,-0.267624915238019
31011,0.704515946464365,-0.00328178501452578,-2.00884011393015
31012,0.845875316436988,0.743883003351022,0.066967526203472
31013,-0.670211172154013,-0.993627055384379,-3.34110913054641
31014,1.44863837851516,0.614202828891265,-0.227446910690532
31015,0.832427840620381,0.587293711128835,-1.11822037973017
31201,1.18808874740536,1.81969060697065,0.495120845817625
31202,1.12073777966988,1.0272033204357,0.949892596552556
31203,0.977210908116746,1.91372499980481,-0.409906319217705
31302,2.69723101361784,2.31304150697767,1.42375539968587
31305,2.79701982885335,2.26868310942135,0.842434065054599
31306,2.62756677936015,2.73941246445954,0.965689879013258
31309,2.8464743069574,3.25880945239351,-0.0374451754400316
31311,2.43924327599933,1.42591336756463,0.85731991552816
31312,2.71709231135988,1.88877463853075,0.33607381543538
31314,1.87826971995929,3.13906327770987,0.291030827434203
31315,2.67996770785209,3.24506501246606,0.224826419775922
31316,2.67639459310973,3.61180450043766,-0.256535197736614
31318,1.66660325250429,-0.443529277370309,0.551756251538515
31320,2.54467896478362,3.06690288095331,0.207321255630831
31322,1.92391506439704,2.58610185048133,0.510475796205657
31401,0.85962293148572,-2.70462199997385,0.302970134150959
31402,1.97658113583097,-0.0705987073342989,1.11537106837491
31403,2.51438443024749,-1.07449252700053,0.512080314449785
31405,1.2453925756035,-0.427279876352054,0.915495097051536
40102,1.69763060850957,-3.62376700403768,-0.131323652679246
40103,1.12168257120879,-4.06922646846061,-1.34065308620541
40104,1.46548029572276,-3.76147979839269,0.570995903185935
40105,1.57589920785316,-1.93450137620444,0.225562481199332
40106,2.23252793547907,-2.22859778415818,-0.157853350811222
40107,1.97199943332902,-0.730058914041046,0.900580984789436
40108,2.20931318108732,-0.811529177251275,0.433092728870805
40111,2.22450032554569,0.776143536199363,0.161267052685908
40112,1.34284786622503,-2.60566665803273,-1.07593549913321
40113,2.02927213025589,-1.9240074873639,0.555496827371683
40114,1.24991972806128,-2.29915685511839,-0.00063651984255369
40115,1.42937759312857,-0.140755603226284,-1.1655570506437
40118,-0.27154515454946,-1.12229940547311,-0.078615839580481
40119,1.74525495360389,-0.305442485783075,-0.993084133151853
40120,1.99349593595763,-0.26129333897934,0.584901886371442
40121,1.41895732976737,-0.661644403916501,-1.01319218755589
40123,1.46565692741326,-2.31796021562348,-0.0255245962236416
40124,2.79698468137961,-2.78526005843476,0.249373481529795
40129,1.35082894700745,-2.81432749616422,-0.0279984160287232
40134,2.61710343715923,-1.06191322672219,-0.202940727382764
40135,2.66826977542938,-2.36136626357083,-0.838921216228308
40136,1.60320586973633,-1.39235905345621,-0.667125471451735
40137,0.784193109640317,-0.532205131490487,-1.39290017227086
40144,1.02929350249021,-3.03833638850515,-1.66191953823369
40146,1.53420456253302,-2.87111046641529,0.193376110586503
40149,0.540753932729161,-1.38128231102129,0.41820059518365
40150,1.99158987923552,-0.517946093985743,-0.182853247016919
40151,2.04042161999315,-1.9797586870898,-1.08531057401283
40152,1.42018288193545,-1.59296813047872,-1.15954542581338
40154,1.96169614237053,-2.65263911048699,-0.134619735127107
40155,1.15966563277627,-1.6735532749815,-1.88904038983943
40158,1.60303594784326,-3.46171638169031,0.190363714487801
40159,0.589019648805903,-3.60453055931804,-1.66632312156693
40162,1.66078481693909,-0.522978836488467,0.85125025340643
40163,2.11913212620732,-2.12260823772817,-0.183387802579783
40166,2.31408555623994,1.59968790193768,0.55249691182228
40167,1.40807594478188,-3.83223481322387,-1.05310292075724
40168,1.93637348423696,-3.8060854787599,0.373704548856256
40169,1.14942019666853,-1.28770393099985,-0.00690995786221247
40170,-0.0071599009482481,-3.18148016909437,0.54550319149266
40171,0.789602071674935,-2.21219559408464,-0.54937580105073
40172,-0.258590188175063,-2.50800637393561,-1.19857091936521
40201,2.36425329688173,1.37557225237879,0.66635324634243
40202,2.19331337145463,-0.57660479341828,0.504191610469422
40203,2.08147900730676,0.803442718805548,0.292435659306433
40204,2.54746149721603,0.0832938185331765,1.0758250307013
40206,2.61825473631083,2.10970623208199,0.469712164199866
40207,2.19156460157638,1.44913896576515,0.409585292841024
40209,2.18434392283405,0.931764637878171,0.495049299004331
40210,2.11340839592869,-1.29223676527017,0.213271556452075
40211,1.90085155340479,-1.50000509323044,-0.0808287494509158
40212,2.52255513080118,-0.495877041119816,0.794908409036657
40301,0.584625763629107,0.119213137364736,-2.28362889957314
40401,0.135605053050766,-1.79345096151567,-3.3145945878185
40403,-0.606266651523598,0.0694030210557112,-3.36942697434769
40501,-1.34876109963625,-0.762154807174667,-4.83237888968599
40502,-0.654137776295331,0.0853194158445538,-2.92199704701233
40701,2.06596707341683,0.0212734264655134,0.273784720827895
41001,1.04073597600064,-2.17932451526578,-1.60705427356283
41301,2.24135077525441,1.36562511547718,0.734201043774659
41303,2.31713693630054,2.39557967144329,0.798532575541278
41402,1.7381122627929,-1.73422033148468,0.968975740480922
41405,1.45426072428674,-3.29988155305306,0.837412180630282
50201,2.02968409285826,2.46151659379869,0.327355911034766
50302,1.01498417055666,2.45463083499615,-1.49296789120346
50303,0.627781858310995,2.07421765334733,-1.19129186732149
50401,-2.83325359323505,-0.180162841708294,1.16634821949708
50402,-1.6496560773505,-0.396928796507271,1.04972920769724
50403,-1.50583414721072,-0.285509758735963,0.653823557107107
50404,-1.28537801386747,-0.0540682187697843,1.45966805817117
50405,-0.12027037641505,0.511907096192086,1.69617009104963
50406,-3.64924265660007,-0.685568127858415,1.45643827795038
50407,-3.36739431368311,-0.524514738177027,1.94726694345031
50408,-3.14613031229893,-1.42452649442339,1.88416953228163
50409,-0.726805549461763,-0.23646654198792,1.71930460579085
50410,-3.05600834243238,-1.3527773514854,1.30768909270804
50411,-2.44507997053334,-0.648788912425979,1.66479306765399
50412,-0.888581171158629,0.0797011261767802,1.13365763430036
50413,-0.468933064582834,-0.255756041484746,1.25714145610376
50414,-2.73412673970647,0.0932216990056047,1.92481109926628
50415,-2.80783034729659,0.74867676663921,1.69040794894768
50416,-3.37877272557631,0.320936111281047,1.62757972043818
50417,-0.858699875122379,-0.415712801383346,0.655996638936189
50501,-3.76384875761704,0.516195392761199,-1.48616225313827
50502,-3.80493232973545,0.933464141583578,1.0636157696972
50503,-0.0831265806349954,2.7847687872656,-0.356363843664209
50504,-1.7696500945667,-0.673843780152725,1.88487541664568
50505,-1.63424284962107,1.49360771919498,-0.233298220531309
50506,-2.98459234923196,-2.85272567306559,-2.39031535405478
50507,-2.92844784113909,0.290522999372719,-1.79327595900602
50508,-1.47880939366492,-0.409572847592781,-1.1846246479741
50509,-3.89953771393359,0.179138150914617,-0.707573953095468
50510,-1.53012118352474,-2.6819844350267,-0.895054719638667
50511,-1.7794855935262,2.19053791230812,-1.39622622998926
50512,-1.09904699361656,1.76616599824486,-0.184226625463529
50513,1.02838190734493,-0.694346472338886,1.21727177428802
50514,-3.34059043138124,0.340049851745001,0.507976239157506
50515,-1.17140877445041,2.77149229155963,-1.42209780573048
50516,-0.519256884102318,0.902620269071059,-1.28764867451549
50517,-0.344423336802952,-0.431833078496138,1.48105436159185
50518,-3.18884516063279,0.0783618597937331,-1.30032707187538
50519,-0.257231712283861,0.143675789597356,-0.234603628778938
50520,-2.95040721450763,-4.40140990585692,-1.11748651221837
50521,-3.66592877429297,-0.881680339243416,-1.48373612904044
50522,-2.7062670979922,0.743192022115125,-0.235815949383163
50523,-0.314907112051893,-0.233035969848179,1.45417145597595
50524,-1.75573200556594,-1.2598628571385,0.697468047539669
50525,-2.3384129587933,-3.8350313521662,-0.186569962025465
50526,0.732654660525619,3.11982855846524,-0.99701938717493
50527,-0.645038576963787,2.11402231026852,-1.60885185989566
50528,-2.42343798208905,1.66063132220034,-1.14565467397238
50529,0.549746562491654,-0.514313731908585,1.21410073403194
50530,-1.80323877815228,2.30509946500133,-1.14302026608959
50601,-3.20747359335964,-1.4891220215807,0.0142609203500197
50602,-4.25599161875853,-0.283510110997799,1.77508716080933
50603,-2.872508557126,-0.874064976614657,0.863449805173457
50604,-3.42764738039998,-0.224768605978523,0.713937755753688
50605,-3.99130070768135,-1.63337774202358,1.35664750600674
50606,-4.64013763295108,-0.610018619153007,1.70825057223518
50607,-3.6168662880744,0.166738224834688,1.04125558317477
50608,-4.12613442806609,0.92366235021119,1.77286545195088
50609,-4.29208941955739,0.470260434159562,1.81698620208243
50610,-4.31740687334301,0.888690041523777,1.60902788127089
50611,-3.69178445638575,-2.26904158362269,1.12985677472403
50612,-4.83445963060096,0.737613784144981,1.93618338441657
50613,-3.73707834665849,0.262749935606427,-0.710148064181687
50614,-4.35634176378701,0.707874950297016,1.42932752673039
50616,-4.77876571800096,-0.0178369802788552,2.17964375201041
50617,-3.36486724356316,0.671887013065377,0.212450793077074
50701,-0.129797599023092,-0.368600959545293,1.92435695330583
50801,0.86423109066447,2.34080103953076,1.13509971261739
50802,-3.74260673744199,1.33613220950233,1.75426880874922
50803,-1.08382136475861,1.9036984317841,1.68720644653641
50804,-1.6794542677642,0.689476303625926,1.83819408487656
50805,-2.62964564163289,1.11793543581278,1.87838870865141
50806,0.0654845671263319,1.39678180707251,1.42473530896936
50807,-1.59506296130276,1.22468515199961,1.7824200516021
50808,-2.32592677445268,1.77147550333255,0.474719823498081
50809,-1.57287896255352,2.28212821017523,1.28965868967947
50810,-3.16381549892355,1.83932513833327,1.83969869657881
50811,-2.28685406613834,2.30646716503728,1.38798386529329
50812,-3.54128539031853,1.44989667896461,2.11377407902537
50813,-1.63108815658909,1.30283840852447,0.692690187516999
50814,-0.482422490555743,0.5437351609687,1.82905567286396
50815,-0.331862373478129,2.87464070834098,0.967623309042286
51101,-3.82126410348822,-0.610185717043705,-1.30223972422385
51102,-2.91282403791257,-2.73696428999818,0.275446201120167
51103,-4.09277797897642,0.891688890332648,1.66764026792398
51104,-3.83188694243256,1.07787178681134,1.11913285254026
51106,-3.62075831368998,-0.831539343683074,1.73340418876017
51107,-3.73235223782198,-0.380384478201859,0.912309202442775
51108,-4.10918164002001,1.03495937790331,-0.654539083832905
51109,-5.46605622323665,-1.38815831399028,-0.249262290498648
51110,-4.50268263300484,0.914238426493548,0.672667863155404
51111,-3.61173118936838,0.605863630529506,-0.0498438087334596
51112,-5.20153637099194,-0.888350598768,0.735487229402762
51113,-4.43300073904503,-1.90502025846872,0.446912415718141
51114,-4.51665121918429,1.36803678992215,1.85002219602218
51115,-4.35098772903471,1.4087573821723,1.57149981133422
51116,-3.78463367394846,0.4684418674457,-0.782098295644568
51117,-3.91960275041442,-3.26907287899238,-2.18689707949091
51118,-4.52657775994641,-0.43889989813863,0.766215197306215
51201,0.730336926728168,1.61916608198173,0.105363890568885
51202,0.506449856485955,1.98317261578797,0.116261980910428
51203,0.489317852627239,2.7223669028693,-0.915413796808021
51301,1.81361454672695,2.49427070039781,0.509987723755748
51302,0.987599830371689,2.07560975992772,-0.723748733963596
51303,1.15239337953997,3.12655314819088,0.241002024814611
51304,-0.312025543521666,2.9563703854932,-0.114383214101017
51305,-0.730908517870437,2.57599250997809,-0.0368967804849619
51306,1.88352311785187,2.27791253309037,0.429309151646997
51307,1.09639667631619,2.66262522216577,-0.390774993640341
51308,1.06646164615437,3.22807085336161,0.42448775613161
51309,-1.09903209227205,2.25010518938099,0.480691019400372
51310,1.8197182775068,2.94275984297022,0.880325422529515
51311,1.06036709595508,1.38778390992863,0.719190339552455
51312,0.834552087693199,1.6266134996075,1.55548986080491
51313,-1.3577250811687,2.61263011561853,-0.05352021479388
60101,0.0201722087585068,-1.30807966252966,0.0478712556444183
60102,1.1786152560463,-1.14530287264851,1.04885224757654
60103,1.09222521085374,-1.26094342212378,0.382628702770262
60104,0.971691279552452,-0.426404624950166,-0.122569167001737
60105,0.473584835218276,-0.855786669730154,-1.6167044842212
60106,2.03734528463323,0.545896579202778,-0.544391801929646
60107,1.44605095970834,-3.66055463023352,0.069289864858712
60109,0.583000094339588,-2.2677326011039,-2.43255146206122
60111,1.89359743475795,-2.68605061764793,0.172514358039065
60112,1.27440702231556,-1.20667663337867,-2.11948435045173
60113,1.22634584438302,-1.2003781146397,-1.78428353592839
60114,1.62511375870394,0.0798964339330837,-1.28870453535113
60115,2.14776118639133,-6.88418491262867,-0.260044087451986
60117,1.17195413592795,-0.814529316207879,-0.797038891804151
60118,0.632167576110272,-2.09178790325379,-2.30962147341467
60119,2.10709092074051,-1.80374362878012,-0.337917473165323
60120,1.73308237020339,-0.892972281172969,0.582610164015487
60121,-0.135727568736193,-1.45366215468846,-2.13019788115657
60124,1.52020328575222,-2.44373294107201,-0.63521310842462
60125,1.84220590199392,-2.05601268304733,0.403257554391922
60127,1.78232827990184,-1.35881687965044,0.406000575679885
60128,1.03131930731009,-2.90261222116513,0.435125892180814
60129,1.94957614273519,-3.25255393574069,0.204119045969553
60130,1.91187361896919,-2.92883012210502,-0.22473495490278
60131,1.55233263861866,-2.43412133055076,0.217197197630321
60132,1.34790203861649,-3.69865000190286,0.300274431548875
60134,1.29984081521148,-1.93350827596985,0.382524725872219
60135,1.30701765142691,-2.04049540688918,0.307842283585544
60136,0.82071228529207,-2.05818423850821,-2.08634292382854
60137,2.09556476101491,-2.06312620552811,0.603445181695178
60138,1.7208417444378,-2.76053709982895,0.618948418265122
60139,2.25124512424941,-0.68019540803635,0.279467398581012
60140,1.56724332334848,-1.55400462939432,0.120901284814362
60142,0.994371518405131,-4.12149987295676,0.154573309762632
60143,1.75228631831493,-3.26114946076656,0.191797198732504
60145,0.353754478393875,-2.73770433697243,-2.22817667583847
60146,0.592232481095133,-0.8800786726459,-2.33927692907775
60148,1.75534019945602,-1.54661457831881,1.20296936772878
60150,0.790435760932418,-0.716540810591421,0.487397808806317
60151,1.7535106692639,-1.07832099357569,0.478329632205101
60152,1.86636180185874,-0.379403578410942,0.497740730117896
60153,-0.16660908735089,-0.226086054650907,-3.18728800001907
60154,1.81960235636399,-1.79399367475218,0.310127440177658
60155,1.38884292564125,-2.40737016331252,0.728539519490683
60156,1.13764642709885,-3.49273155076977,0.386040043860479
60157,1.30139256032871,-2.53262674752841,0.372023313088037
60158,1.90425935316713,-3.20469876202907,0.148688018040013
60160,0.262441180713254,-1.56159209978557,-0.152857320170801
60161,1.37398301931362,-1.68010350610848,0.219619170534566
60162,2.29227053782041,-2.07412410463259,-0.909657619559509
60163,1.12054347699755,-4.10416759101023,0.202416861018128
60164,0.758818498638255,-1.7540377433357,1.56443274622481
60165,0.895595099689865,1.20861195223596,-1.2259646305148
60166,1.20640469060699,-2.29431911035844,0.237000918856311
60167,0.71536529513775,-3.81143951389183,-2.30704960805203
60168,1.41599101403888,-2.12241950704673,0.183885408913775
60169,1.36734526518732,-2.58451225100462,-1.48155757880923
60170,1.73953590219573,-2.023817908404,0.359033650994343
60171,1.74756330489389,-1.85185875342794,0.901663764249843
60173,1.51111726567746,-2.05330804386407,0.294634213383181
60174,0.804025158770447,-2.26613478095068,-0.425888038901557
60175,0.544468087872954,-1.36868148271564,-1.88430772731123
60176,1.20535138639458,0.0288701122666256,0.612451841258386
60177,0.860290128531584,-0.195917333536507,-2.04096969680141
60178,0.975723030356668,-2.36523575155674,0.272326177259344
60179,1.35976348158482,-2.51044985879399,0.299855069435014
60180,1.44901584501113,-2.06440314219205,0.31663273473167
60181,1.93264430441834,-0.295249181634171,1.14670992394069
60182,1.84018443261548,-2.48167459456532,0.0290152639320558
60201,1.80041359245112,-1.81547467279042,0.57714880093792
60202,1.74073069986308,0.401662338929528,0.199563022820555
60204,1.0654057782968,1.42425406007814,-0.678210988834666
60205,1.94989522086847,1.15110334838676,-0.871462771305839
60206,0.774812342535889,1.9254001014859,-2.67596779247657
60207,1.14258622218728,-1.76731398929163,-0.696375044748608
60209,2.47898453090333,-0.930642254844479,0.336603792393722
60210,1.38336232535276,1.05817247098658,0.968235756994851
60211,1.62731350309218,-0.0145470511690251,-0.188939938024229
60212,1.2305957445606,-0.690884253371406,0.658224076707448
60213,1.94401271452884,-0.622941951180167,1.20392281681455
60214,1.02445067684485,-0.442774653916298,0.376227067568868
60215,1.78160461652817,-0.742870631170208,0.645278732692681
60217,2.1549967308204,0.723106898285668,-0.510009704541177
60220,1.53254018714428,-1.98895944985174,1.0045036574478
60221,1.35128875520453,-1.63092763551368,-0.422300583449862
60223,0.0829128126805997,0.00229741780272245,-2.53193608713766
60224,2.21027011427025,-1.71233290176671,0.505130984049242
60226,1.51124885761334,-1.36398321568753,1.42423465756959
60227,2.31500766265933,1.75505750960127,-0.0630293300141226
60228,1.95973829993328,1.48590979116996,-0.468867696873606
60229,2.06064375490779,-1.15834270035223,0.753232060993251
60230,2.11583289632667,0.178920855032968,-0.0126496153170017
60232,1.77334512439919,1.75679041163317,-0.102835358024051
60233,1.41369373075531,-0.354888392713895,0.683994590940539
60235,1.92370139013131,0.131847163753391,1.26568368833317
60301,1.93296442879224,-0.357981578364848,1.72382530471982
60302,1.74179952514325,-2.08872953022554,0.739212077201622
60303,1.71901890785975,-0.68548187217747,-1.12282519778329
60304,1.70513073682034,-1.24862988456974,0.918516303790005
60305,1.04952163017366,-0.809389806624754,-1.32063343449881
60306,2.01827707001038,-3.72898053371056,0.908850256452017
60307,1.85338603322218,1.62284462642988,-1.71154185578476
60308,0.768589102232032,0.435318655768318,-1.97462638357685
60309,1.47128922247138,0.831156717728261,-1.92940461865355
60310,0.948131737402262,1.28208381598757,-1.69401979442271
60402,-3.2420840593589,-2.34527251077341,0.0468279512902923
60404,-1.3524038417746,-1.46606870678468,-1.00238558733671
60702,1.2243352024749,-1.54805617955016,0.79126139326897
60703,0.629209728281434,-0.382470769141626,-0.811441791433463
60704,1.45545288210347,-0.551739065089123,0.139992494916852
60707,1.73402345416163,-1.46532087593329,0.178615106930441
60708,1.13205989146427,0.190199530991248,1.21906426905769
60709,2.05867203802448,-1.53985201317796,0.605210727306265
60710,0.175590020865151,-0.730060639303616,1.20651912970899
60801,0.76843653952158,0.945815095274518,1.27444330190871
60802,0.625783404099637,2.05956869184477,1.23467725223659
60803,0.241384029117818,0.166015257553302,1.43908487375375
60805,-1.10963997745499,1.19907137564524,1.27095361070273
60904,0.874856004388111,-1.17728267440072,1.46889321278831
60907,1.68135914928161,-0.237591907202747,0.752483382374564
60908,0.595671806611944,0.229123384167343,1.45761269845097
60909,0.524620631779103,-0.582641669143463,1.30556021110782
61001,0.788060803097523,4.05685497821887,-2.82918445354597
61002,0.423286606340064,2.94449696303106,-3.12272719905666
61003,-0.580611769962807,1.10803372798108,-3.49163258459581
61004,-0.873605451538745,0.265994812593708,-3.10319067449176
61006,-1.02250721668272,-0.706290147420266,-3.39405372818188
61008,-0.929011244107702,2.61295234045364,-2.91253112136199
61010,1.09262337088928,2.62092188284672,-1.17645025637075
61201,1.1272534185402,1.89430368115076,-0.280234547924043
61304,2.0194261464959,0.795783297645515,0.32562095986003
61305,1.82810949249841,-1.09241629703281,1.36158102013152
61306,1.71658230050079,-0.808911567025978,1.02194198173098
61307,0.88600250453601,-0.570799070372377,0.675928358665995
61308,2.24161904588894,0.112209697786383,1.18805766992932
61309,1.7431525337575,-0.301256991280084,0.583297724385972
61312,2.00673853148107,-0.21581390790952,-1.08227503715847
61314,2.46310341417717,1.77554530611154,0.668121131408592
61315,1.36896407256703,1.96795275965756,-1.99431353292626
61316,0.560569125544944,1.31173262011795,-1.03353330857865
61401,1.90878486005944,-1.44816847852605,0.987067896430071
61402,1.89265515298312,-0.766078121896666,1.47297592530558
61403,1.70318576621162,-1.47212983183977,1.32010821744354
61404,2.08754696558994,1.21636942056751,1.27529738501093
61405,1.8466651044535,-4.3315907871284,0.425200852654038
61406,1.28496067255732,-1.73865023976088,0.74826704809163
61407,2.71411337775472,-1.41464104278567,0.933210917583237
70106,0.50556573230587,-2.10038762398101,-0.188109485866885
70113,0.513113280180465,-3.14648645281999,-0.614342617006395
70202,0.494003911183305,-0.506407044603138,0.0615182866362573
70701,-0.53129244834107,0.246417207362446,-1.6922984727875
70702,1.27541077255024,-0.276550705068061,1.16855878633727
80101,-0.791032625886963,-0.728000784464254,-0.588067146825226
80102,-0.374702150252235,0.185069668309914,-1.61199550318503
80401,-1.44227249143918,0.0737413445754531,-1.00178837312792
80402,-1.76335615896557,-0.693470172170423,1.56541042120905
80403,-0.170760814930962,-1.17591443791908,0.0564574906294197
80404,-1.19192636685141,0.416583244000437,0.63707892354348
80405,-2.848494210159,-0.38304687768114,1.8957882144653
80406,-0.875698435967172,-0.482630501868142,-0.203016052675919
80407,-0.540449511929315,0.629060934273266,-0.582917333952085
80408,-1.61978040136294,0.054526834915386,-1.85029161112264
80409,-2.61940983780857,-1.90125012986113,1.35319042883728
80410,-0.531563330722148,2.70126991664748,-1.50954466083141
80411,-0.623508671145391,2.07026221572432,-0.124625791774487
80412,-2.34128777902983,0.0252145657784646,1.53121981506501
80413,-1.08091106181735,-0.271309386095801,0.256633484204483
80414,-1.95179012207507,0.705914426119675,-0.519902875717203
80415,-0.525363473316636,-0.706245350784591,0.916501394965661
80416,-1.35864504616978,-0.281625624086719,0.76756887127605
80417,-0.870304048321022,-0.229234440744642,-0.734169844041342
80418,-1.62675384629656,-0.324382418475271,-0.814506039414198
80419,-2.66314090617091,0.281342226303905,1.67625579117047
80420,-0.786973556568035,2.7584478857312,-2.65048072053988
80421,-2.28665360557059,-1.14853250804449,1.66403900947095
80422,-0.862040249808928,0.296306802034377,-0.8381160692943
80423,-2.3116398721486,-1.38190181089642,1.01791779613331
80424,-0.185380413418576,1.19452354934714,1.05500673733538
80425,0.118294748176175,-1.18281780630842,-1.13739982470049
80426,-2.16286601196262,1.08386420642986,0.62042523669268
80427,-1.38283395395551,-2.45242801588946,0.562800536094403
80428,-1.92954607998183,-1.79811747477028,0.0620363377256055
80429,-3.03351447622744,-3.15167008947239,1.14133960290555
80430,-1.35001109253391,1.76422236092425,1.27104523343732
80431,-1.46523181948588,0.198604565203487,1.06000128507001
80432,-0.946226188489753,-0.299678850985794,1.17432022195989
80433,-1.68552268446982,0.0699081772589999,-1.30253309309357
80434,-0.977390138534774,0.758319130833718,-1.03971953846676
80435,-1.6409646543375,0.204719475421353,-0.39539115094093
80436,-3.10131195614666,-0.281157399213432,1.70486108411821
80437,-0.454996787684121,-0.439696878446131,0.336096939328901
80438,-2.75659229959075,-1.5018009009392,0.990767101371276
80439,-0.938625070244318,-0.972588632481801,0.566457581005273
80440,-1.05299199812248,-2.01717143900585,0.4489357696048
80441,-1.48893228921865,-1.28506145014762,-0.342368085952937
80443,-2.40183700695333,0.341574852964068,0.416110214152212
80444,-2.82350083452194,0.627119669448773,1.62105811806809
80445,-1.89271865771788,-0.582133264603197,0.858087536558345
80446,0.254094534544602,2.40772131548687,-1.11462941964627
80501,-2.46550457207254,-0.704949266276873,-2.25235244231023
80502,-2.21181606636975,2.45542373431133,-1.45191358829057
80503,-3.41345800177354,-3.46324892052068,0.2633894412884
80504,-2.12005683510058,-0.273416133133127,-0.131019916656794
80505,-2.73751112280876,1.46875936823586,0.309711535746957
80507,-0.514109888601866,1.81189927746275,-1.31889734984733
80508,-0.114975915277781,3.41791620982232,-0.1090581629028
80509,-1.46196337776723,1.39923195067041,-3.95082280394839
80510,-2.43939425950119,-1.27194025339545,0.477014455173961
80511,-2.19010859149154,-1.49210034677631,-0.62822318776306
80513,0.0653399806758521,1.51047366364265,-0.449257281895026
80514,-1.98198979344689,0.605317983466703,-4.94627249174768
80515,-0.961304718384776,1.78226396054802,-1.49364330499398
80516,-1.55852663754976,1.14982029898729,-4.15165194197813
80517,-1.54208627461554,2.18477695180883,-2.82912788722458
80518,-1.63467932715377,0.181659874109239,-3.5294993994797
80519,-2.4783033836002,0.862026168524989,-1.01574013442657
80520,-3.37923574206219,-3.17360642246368,0.259899175228389
80521,-1.79618442649322,2.06187126438472,-2.30511470031239
80601,-3.8094932525606,0.849692884638842,0.760595245483574
80602,-4.2055609853135,-1.544968669129,1.01873831864878
80603,-3.20318936629706,-0.998138854294409,0.739390069579931
80604,-3.48259788034807,-0.822963023287307,0.809705875632956
80605,-4.30750284401405,0.857790226638681,0.492915652898979
80606,-2.98059030511632,0.301282430438706,0.0401709609874061
80607,-2.96965141965378,-0.581854721665913,0.970742827618788
80608,-3.81557868457814,-0.657434596346637,1.58319117287465
80609,-2.29723783035259,1.70465163517749,-0.524143013247975
80610,-3.28995508843186,-0.380238315826352,0.890829940035585
80611,-3.59150329672492,-0.0919990542029298,1.62362942206294
80801,0.014517274297135,2.02123652677081,0.918620685400772
80802,-1.84659541558862,1.6577322230205,0.555076226890803
80804,-2.19202554926207,2.28810938478283,0.115961124365533
80805,-1.20079945488467,2.7730092949714,-3.17294284343993
80806,-1.2432506312828,2.32626083080831,0.536807553828061
80807,-3.12355591007385,-4.97963322730486,0.192541340144425
80808,-0.800118888809265,1.67953725973393,-1.71548168889545
80809,-2.5373115843171,1.14093313078841,1.50657215329478
80810,-2.27781129562317,1.57185454088561,1.74486209468433
80811,-2.12104720904663,1.73436095127653,1.13650885131169
80812,1.20018225659564,3.09254913470527,0.960312124043281
80813,-1.51331497963156,2.76491629880755,0.53710708334164
80814,-1.91167768044321,0.783224926335267,1.76196116715909
80815,-2.26716524808621,1.70917809503854,-0.909068253828758
80816,-2.10652023068805,2.42763358915399,-0.92953781928576
80817,-2.55696036967098,0.918902514479467,0.987185022625988
80818,-1.2146446913592,1.84933673226565,-0.867061950237136
80901,-2.35728274179257,1.25712831281284,1.31248799063968
80903,-1.53865097343329,2.20604736295392,1.4327943392826
80904,2.65396137460965,3.51646370727459,0.929468785510612
80907,-2.14397340826062,0.673091971676989,1.33778989816106
81001,-2.76402583633603,1.8210879783268,-1.98228335860066
81002,-1.59826551476066,3.65412146018086,-3.17727709275352
81003,-1.77497974068435,1.35733270910047,-4.54952159509974
81004,-0.582093932984987,3.61525369731739,-3.23882286864599
81006,-3.23567681746081,1.54774049761407,-5.29691077300502
81008,-0.29145059811393,1.51679141396028,0.342140163077163
81012,-2.81223037366338,0.377745971767723,-5.01398321076222
81013,-0.292196377043303,2.98282627133758,-0.163267547354358
81014,-2.55733207081421,2.30035858907897,-4.56789057575731
81015,-1.59520653171144,3.42260874102235,-2.96968311189444
81016,-2.62274041268089,1.39239956557105,-2.05822385060694
81017,-1.70127371733201,2.11296191317295,-3.45931144338537
81019,-1.98108412987818,2.18607198413738,-2.50958942371478
81020,-1.52324944131543,3.1318438432537,-3.19737950439941
81021,-2.63846606502033,0.640098793683289,-4.49213191068318
81022,-0.951277259437702,3.02483904660583,-3.83830669878327
81101,-6.60838721572934,-3.79940932627237,1.22152957872894
81102,-4.15255366310607,-0.118258066796926,0.771729297519535
81103,-4.5202823102472,0.72919409731405,-0.255399572458104
81104,-4.47424874898775,0.0629076407425297,0.647566160942662
81105,-3.62865580927876,-0.863418584739768,0.054257938828399
81106,-4.53338511454847,-1.02959356725721,1.80817839596881
81107,-4.4401115856489,1.12491942014807,1.77676218858986
81108,-5.06175887448727,-0.933876519942646,1.91515333990301
81110,-4.16228257887208,-1.86859946017102,-0.0470335614050144
81111,-5.03861219884612,0.288984444467428,1.51897938595583
81112,-3.40634197280505,0.74520853453758,-1.07631037902109
81113,-4.55963077879989,-0.208513408707415,1.42520836954809
81114,-4.78286118958805,0.152514169764397,2.07321345401065
81201,-0.128100124308597,1.04569369614822,0.05461122231048
81202,-0.420031091035711,1.78446158194856,-0.82381967392504
81203,0.884430819263709,0.655550801609002,-0.589194052018151
81204,-1.02897291795919,-0.185171926620903,-1.29157158618575
81205,0.296341539036963,0.254560837181947,-0.00692577535067141
81206,1.08476724491648,0.78580471723625,0.622258978728503
81207,0.624905375892379,2.41103052144021,0.00135827875301321
81208,-0.433209392812765,1.62823214000501,-0.125537457550756
81209,0.0690027866187335,1.55873760292849,0.616075410967041
81210,-0.526226309655811,0.0398243307014648,-0.0807105897025838
81211,-0.827281774140515,0.123649558297828,0.452027542934427
81212,1.45923863751761,2.69718841512671,0.597754274456147
81213,0.876672605334486,2.68590039104669,0.898868657296702
81214,0.612148032818197,2.00160352984344,0.468630708628739
81215,-0.601707544827888,0.377867514267598,0.670023295330508
81216,-0.608202819579426,0.760082016249726,-0.0309991750487344
81217,-0.914155158868058,0.624881275907076,-1.03155923354484
81218,-0.910159954500448,0.310719526153714,-0.43187872364362
81219,0.259090613703828,0.723813093944728,1.08953973479026
81220,-0.399028479147307,2.36682134694501,-2.44980595534126
81221,0.577375489819711,1.09476168694693,0.859718555512875
81222,-0.284410753178816,0.156794442202209,0.68789642282583
81302,-0.227597684082644,3.89639801253414,0.221531402061798
81303,2.12613499441923,2.96243386874797,1.19046912273495
81305,-0.460501878563521,0.77423553977652,0.963025951615324
81306,1.09556933356077,3.20038602436093,0.453721267967473
81307,-0.0185505907609743,0.352367060179056,-0.241032750028963
81308,-1.59186638034991,1.0775103951003,2.12014892665836
81309,0.334262470601267,3.84091149993062,-2.02091623227237
81310,-1.14157750075743,1.41339748267174,1.64374619883436
81312,-0.611744426519586,0.888744830638502,1.56566319267077
81313,0.337193215827905,2.1390780442696,0.205069398764938
81314,-0.944262194174664,3.67751803118914,0.507758183602157
81315,-1.34514242516585,3.53564048833205,-0.28792182188263
81316,-1.7545894380968,3.01971847156008,-0.369634607473683
81317,-0.933552247926066,2.81095122987715,0.687969394450435
81318,-1.45323095395818,2.09042617607575,1.66653518361249
81320,1.6036117456049,3.38477422691588,1.1910415471333
81321,1.69495304662042,2.55979481457647,1.47455461030035
81322,0.00511971580483941,3.12576390060437,-2.08732062913897
81323,2.39913400584429,3.25675104917305,1.57856263262353
81324,-0.925025754494636,3.73180096934288,-1.82957173207253
81325,2.48998481965625,3.51502936120751,0.888807549437001
81327,2.57149638883406,3.17704277543853,1.04769591237506
81328,1.55754276676439,2.2879990241563,0.648004967892552
81330,0.280848607783812,3.60670177345319,-0.0721224468210434
