ECO_ID,Long,Lat,Area,Realm
-9998,-7.265806753,41.61355165,1038863.21,NT
10101,146.9378032,-2.097815983,2098.54,AA
10102,130.9250142,-7.345589543,7495.75,AA
10103,135.8119858,-0.949124555,2809.65,AA
10104,126.6387694,-3.43070822,8585.79,AA
10105,141.3599988,-5.033654433,171229.59,AA
10106,127.9601421,0.570242927,26744.53,AA
10107,146.7525844,-6.111033081,16449.57,AA
10108,136.1782766,-1.745065347,2406.68,AA
10109,159.0779484,-31.55655142,14.35,AA
10110,153.1130417,-11.21626149,1607.56,AA
10111,150.5754807,-5.011981583,34915.55,AA
10112,151.2617616,-5.177536945,12081.18,AA
10113,165.8322308,-21.29714554,14522.79,AA
10114,167.9532803,-29.03452905,41.57,AA
10115,141.3380986,-3.635223552,134636.22,AA
10116,139.8105268,-2.931838222,23183.68,AA
10117,147.2215033,-19.22888668,32595.65,AA
10118,129.369374,-3.243133805,19275.87,AA
10119,158.3430369,-8.148738555,35699.65,AA
10120,147.8303253,-8.833411293,77034.33,AA
10121,140.1549864,-6.714469278,99492.69,AA
10122,140.8159209,-6.369557104,122337.78,AA
10123,121.7752321,-2.16088524,115810.48,AA
10124,120.7942322,-2.040730257,75471.67,AA
10125,151.1663449,-9.433855679,4179.57,AA
10126,167.614255,-15.89963497,13155.56,AA
10127,133.1484791,-1.273560325,21850.67,AA
10128,133.351408,-2.80172587,77059.7,AA
10201,119.6750413,-8.572322,39280.95,AA
10202,165.2656062,-21.34630156,4408.35,AA
10203,119.9495327,-9.760739162,10720.73,AA
10204,125.0775006,-9.209027623,33382.02,AA
10401,-176.4857965,-43.93810539,805.92,AA
10402,151.762493,-29.56149369,221786.46,AA
10403,167.3381567,-45.39807612,11053.54,AA
10404,172.113518,-41.67196611,14596.77,AA
10405,176.0965966,-39.25345044,84500.43,AA
10406,174.6475776,-36.60860198,29938.6,AA
10407,167.8892608,-46.98832915,1695.03,AA
10408,173.3915913,-41.60007752,13216.08,AA
10409,146.9666198,-35.98487257,272353.12,AA
10410,168.4307176,-46.17431235,11714.08,AA
10411,146.7580886,-42.09398904,18730.07,AA
10412,147.5876411,-41.40953572,18236.87,AA
10413,145.9267925,-42.15022567,31316.87,AA
10414,169.697372,-43.56962635,5286.54,AA
10701,133.2938928,-12.96588817,157509.12,AA
10702,148.8482575,-24.4974932,341561.47,AA
10703,142.9568195,-13.91661838,115895.83,AA
10704,139.2040161,-17.45793959,358464.22,AA
10705,144.7839715,-18.49828294,128067.44,AA
10706,126.603529,-16.52411953,346656.01,AA
10707,141.1710153,-21.5018747,459496.1,AA
10708,141.4215871,-8.629660819,26618.18,AA
10709,130.8634757,-17.21671533,224881.42,AA
10801,170.6692608,-44.61180928,53593.88,AA
10802,145.2290233,-27.85138859,253515.46,AA
10803,146.8278752,-32.1090343,321998.84,AA
11001,147.7565303,-36.6744738,11999.43,AA
11002,140.4993644,-4.814071785,15502.73,AA
11003,170.4397879,-43.70213125,40006.35,AA
11101,166.797407,-51.45756194,877.69,AA
11201,122.0828368,-31.319217,137255.18,AA
11202,120.6343493,-33.15285422,115460.04,AA
11203,135.9885159,-33.48017081,60898.49,AA
11204,116.3150077,-34.58577059,10443.06,AA
11205,115.6857974,-31.527516,15214.05,AA
11206,138.4139547,-34.36356364,23779.27,AA
11207,142.1926616,-34.32740097,197879.91,AA
11208,140.3758514,-36.8900325,27518.38,AA
11209,116.7058438,-30.03303803,168703.88,AA
11210,116.5900589,-33.3972102,46026.09,AA
11301,114.5871112,-24.52340067,90287.73,AA
11302,131.9982905,-24.54897472,281050.76,AA
11303,126.0410175,-24.40220096,155523.51,AA
11304,128.130251,-21.43697616,820767.18,AA
11305,128.6920007,-28.4352223,423734.05,AA
11306,127.7977395,-30.67105768,195003.2,AA
11307,118.5594308,-21.92657756,179311.11,AA
11308,139.5539436,-26.20089858,583394.34,AA
11309,137.4431115,-30.37262206,376487.42,AA
11310,119.2425956,-26.58498521,459615.86,AA
11401,138.0840176,-5.088897514,26708.25,AA
21101,-100.2678313,-76.44408894,1155863.01,AN
21102,37.10047013,-74.87148205,2131855.83,AN
21103,-48.05566159,-58.95468188,8513.03,AN
21104,67.76531606,-49.28144286,8179.2,AN
30101,29.46096821,-2.240212932,103403.56,AT
30102,10.7944297,-0.295299527,188820.99,AT
30103,11.08573909,6.466967599,37879.46,AT
30104,21.77962899,-1.342292485,412881.65,AT
30105,43.94819937,-12.06209108,2057.37,AT
30106,7.418299524,5.456204754,20628.65,AT
30107,9.347650463,5.13032591,51839.57,AT
30108,35.69355227,-0.193336128,65198.82,AT
30109,36.7671439,-6.930582112,23556.06,AT
30110,20.48026472,-0.311506649,92315.21,AT
30111,-3.361625023,6.402459542,188894.73,AT
30112,38.24423005,9.661218219,247734.3,AT
30113,54.76998633,-5.289921084,309.69,AT
30114,-10.89208767,10.0966401,30923.55,AT
30115,24.26411228,-33.56888397,3061.33,AT
30116,29.97640949,-30.78947819,17778.77,AT
30117,48.57944315,-18.96034327,111760.44,AT
30118,47.12366068,-19.14658936,198971.81,AT
30119,32.53476265,-26.35927474,30146.07,AT
30120,56.45060842,-20.77041463,4931.84,AT
30121,9.117147592,4.138320071,1141.11,AT
30122,6.386989952,5.113700697,14343.28,AT
30123,4.919563875,6.83414497,67043.14,AT
30124,25.20608256,1.647358165,531067.48,AT
30125,39.90883345,-4.105419289,112150.59,AT
30126,14.15502634,1.709255329,432190.13,AT
30127,6.730104053,0.453022356,1032.31,AT
30128,37.83370256,-16.56322646,146462.78,AT
30129,18.00936313,1.076009345,128060.07,AT
30130,-9.499227383,6.9909554,204226.34,AT
30201,-23.91638848,15.88463704,4548.13,AT
30202,46.35378064,-16.92121982,151563.87,AT
30203,23.62692094,-13.91026721,38084.81,AT
30701,18.12600026,-12.47471496,657515.47,AT
30702,15.45621223,-17.9383202,133027.98,AT
30703,-14.36310373,-7.937476056,92.98,AT
30704,28.63616715,-9.577860989,1179319.11,AT
30705,25.09211353,8.432142047,913701.95,AT
30706,37.23781477,-12.23853209,482012.73,AT
30707,-1.440933881,8.874435565,670789.92,AT
30708,32.17082442,-7.145831695,7809.19,AT
30709,22.90137508,-21.07161382,334544.82,AT
30710,13.70017916,10.51550711,7478.52,AT
30711,36.88381404,0.659336716,324481.62,AT
30712,22.05918983,5.496270708,705005.77,AT
30713,14.84271951,14.77226347,3042451.41,AT
30714,35.57572343,-2.965511553,17947.56,AT
30715,43.49906724,5.896453646,1049300.8,AT
30716,35.33132673,-4.402341947,226769.74,AT
30717,28.51139444,-22.60676636,222541.11,AT
30718,21.94661201,-5.723135211,567187.29,AT
30719,31.33747902,-17.53223056,406913.35,AT
30720,-5.716802066,-15.96040139,130.03,AT
30721,32.12017909,0.588197999,165041.77,AT
30722,-0.930173403,11.85604792,1631859.78,AT
30723,15.0455601,-5.328216453,411615.43,AT
30724,22.93620174,-14.27741851,33889.66,AT
30725,31.01274027,-19.13712755,471873.65,AT
30726,21.22779606,-17.27346428,263554.21,AT
30801,57.47264552,23.16731601,25485.3,AT
30802,77.53301204,-37.96442626,69.24,AT
30803,-11.28537164,-38.52817491,167.43,AT
30901,35.7988699,-3.565685135,2625.76,AT
30902,16.37622738,-18.79241496,7208.25,AT
30903,-3.641082049,15.50288601,45868.05,AT
30904,13.45843327,13.30218017,18761.15,AT
30905,31.48122045,7.812708486,178951.59,AT
30906,35.71479889,-18.74040739,19483.7,AT
30907,27.73953379,-13.28302487,152878.25,AT
30908,27.604028,-21.46844856,30289.21,AT
31001,15.05346403,-12.57076327,25418.47,AT
31002,13.74447808,-9.280657319,74054.95,AT
31003,28.59470531,-29.75921584,11893.57,AT
31004,28.91474578,-29.45478385,201961.6,AT
31005,36.7688962,-1.273765845,3273.29,AT
31006,32.76796736,-18.97432527,7804.11,AT
31007,38.28948768,9.791951467,244349.05,AT
31008,38.90689989,8.918108021,25049.13,AT
31009,27.49232154,-27.63055072,185863.22,AT
31010,9.078883445,9.7417018,13281.3,AT
31011,47.79427394,-17.72880272,1273.47,AT
31012,29.0288536,-31.04511751,19515.04,AT
31013,29.81846605,-0.161040238,2661.32,AT
31014,35.1070949,-15.74059528,10191.36,AT
31015,34.07185094,-10.2588285,33360.37,AT
31201,24.51483805,-33.29471026,17083.5,AT
31202,20.22460884,-33.70949445,32744.14,AT
31203,20.71290294,-33.16095472,45779.89,AT
31301,46.36734879,-9.398320641,159.48,AT
31302,49.29713448,16.90530395,82688.99,AT
31303,22.94426119,16.48732218,27774.61,AT
31304,42.77956546,12.83601604,4576.83,AT
31305,41.91167155,12.62117509,152523.86,AT
31306,57.37369001,23.24907849,62297.2,AT
31307,47.2440137,4.09591761,25454.46,AT
31308,40.35504632,-22.33888554,21.72,AT
31309,21.26204948,-24.71125633,586846,AT
31310,12.57119549,-17.03145544,45584.86,AT
31311,44.85549247,-24.31192492,43294.39,AT
31312,44.81297445,-22.49224693,79496.42,AT
31313,37.79729486,2.585552543,100504.99,AT
31314,21.82185143,-30.20625055,350725.51,AT
31315,15.07642428,-23.83259803,80688.88,AT
31316,15.34676102,-21.44832309,224902.56,AT
31318,53.79986462,12.49235868,3803.24,AT
31319,49.15376083,10.30346987,62374.78,AT
31320,44.50095049,17.45941262,273757.56,AT
31321,43.11008167,17.63267569,86631.81,AT
31322,18.41232012,-30.53062284,102584.55,AT
31401,7.121810985,3.401815739,30791.14,AT
31402,37.76501828,-12.5511116,16013.02,AT
31403,-14.03916457,10.21004703,23418.89,AT
31404,45.18507928,-17.15530011,5188.06,AT
31405,31.64682137,-28.86083246,992.56,AT
40101,92.78361362,12.29168524,5695.61,IM
40102,114.1196179,0.999154862,425582.5,IM
40103,115.0763141,2.197818833,115078.36,IM
40104,113.04879,0.363186566,67171.52,IM
40105,93.18051879,26.84630837,56612.74,IM
40106,103.1282361,12.13631588,44074.28,IM
40107,100.4037511,14.68466831,38858.31,IM
40108,100.280395,13.45730898,20337.1,IM
40109,93.73875257,21.88903244,29616.92,IM
40110,104.5040156,-10.67492707,133.96,IM
40111,82.0305393,20.51753714,340170.81,IM
40112,113.1752694,-8.028879458,15829.32,IM
40113,112.2922739,-7.566674869,53666.28,IM
40114,122.9481995,10.77403548,34855.92,IM
40115,84.78575358,27.64300993,38124.69,IM
40116,95.53063547,16.81719593,15106.76,IM
40117,95.58408411,21.25205787,137910.42,IM
40118,114.0761942,26.01862782,662291.51,IM
40119,98.30217518,18.26868705,119158.25,IM
40120,88.25462242,24.66062319,253508.55,IM
40121,102.226529,18.53347557,71585.04,IM
40122,121.33471,16.38585003,8272.78,IM
40123,121.5380572,15.76682356,94876.82,IM
40124,75.11648197,13.06620266,35330.59,IM
40125,95.26442649,7.602204384,542.14,IM
40126,91.95571735,25.7252213,41629.29,IM
40127,99.52203992,-2.081780942,6469.63,IM
40128,125.09595,7.563711441,18120.24,IM
40129,124.7594791,8.562796477,104666.56,IM
40130,121.0700697,12.93838543,10079.03,IM
40131,94.2666744,23.91581872,135245.25,IM
40132,95.8302617,17.36150668,66332.25,IM
40133,93.59206028,7.508915861,1688.34,IM
40134,74.11486923,17.32264383,48043.62,IM
40135,74.58699725,15.27869196,30824.7,IM
40136,105.37167,17.73699686,47052.57,IM
40137,100.7282637,22.18350896,435869.36,IM
40138,103.1422386,17.94683135,16794.31,IM
40139,100.7410259,18.53052945,42010.13,IM
40140,97.17380426,26.33043723,53773.71,IM
40141,106.1613422,18.32525801,22521.87,IM
40142,85.79316445,20.25862885,22227.64,IM
40143,118.7365288,9.974531536,14278.39,IM
40144,101.633651,4.84690909,17097.49,IM
40145,102.7020547,3.194045248,3610.13,IM
40146,102.3079964,3.93670635,124944.15,IM
40147,105.9915394,20.83454042,10724.14,IM
40148,113.8653406,13.62040616,30.54,IM
40149,109.6318812,22.22117689,223723.61,IM
40150,76.81391314,10.76154836,23675.69,IM
40151,76.46072844,10.9128308,22545.05,IM
40152,107.6870607,14.15209183,46313.53,IM
40153,112.9192655,-1.786655911,36602.9,IM
40154,80.39100892,6.777113324,12500.13,IM
40155,80.81252918,6.978692522,3065.68,IM
40156,120.5831298,5.596214346,2325.99,IM
40157,102.3734114,-0.429905751,17994.65,IM
40158,101.3378623,-0.629671026,258288.35,IM
40159,99.97347161,0.386108387,72617.82,IM
40160,103.2188123,-0.754497743,87120.48,IM
40161,113.768978,-0.886505656,76205.25,IM
40162,89.18000684,22.72871895,14524.74,IM
40163,99.22852483,10.36707904,96929.74,IM
40164,104.9075472,11.62654396,25925.69,IM
40165,105.2740431,10.91660625,29262.46,IM
40166,80.15361239,27.03767554,262642.65,IM
40167,108.2270344,-7.090500179,26170.83,IM
40168,107.8796323,-6.918252513,41480.9,IM
40169,109.5888475,19.15897502,15488.84,IM
40170,128.3149218,27.51748023,4063.6,IM
40171,120.6842952,22.38927458,2570.09,IM
40172,120.982888,23.85200859,33322.39,IM
40201,78.40775554,18.80287933,239408.95,IM
40202,103.3078332,15.47350144,318937.06,IM
40203,85.44635496,23.62451419,122133.89,IM
40204,79.66990938,11.90251635,25431.96,IM
40205,95.50339165,20.7242332,34987.09,IM
40206,75.23920309,24.48652022,266385.96,IM
40207,77.93735255,22.76046413,169457.97,IM
40208,83.2940039,20.48727613,58154.06,IM
40209,77.68706002,11.69991364,81925.44,IM
40210,106.1723432,13.20538385,123784.07,IM
40211,108.5678101,13.53581053,34904.86,IM
40212,80.80663538,7.786014654,48212.84,IM
40301,78.70868278,30.69698139,76125.44,IM
40302,120.9338924,16.98137602,7052.45,IM
40303,94.54843227,25.47199867,9685.49,IM
40304,98.32594021,2.424030215,2748.02,IM
40401,92.10538968,27.64030179,82915.8,IM
40402,97.06885929,27.31037242,10708.54,IM
40403,76.72178435,32.33491641,55824.86,IM
40501,91.21115999,27.90205642,27435.85,IM
40502,76.55088808,32.36328938,39650.08,IM
40701,84.38627759,27.50977982,34523.88,IM
40901,69.97140517,23.84375156,27838.74,IM
41001,116.4180357,5.746389748,4320.05,IM
41301,76.80347741,15.90858814,339068.19,IM
41302,71.50786212,31.27186248,19479.4,IM
41303,71.89980332,27.84333568,487534.55,IM
41304,71.95762429,27.32336126,238253.87,IM
41401,82.37565465,16.46712632,6979.78,IM
41402,104.2620539,10.77937746,26762.15,IM
41403,69.33234696,23.27270131,5778.65,IM
41404,95.99152746,15.03504085,21237.92,IM
41405,110.5930346,0.840021101,37279.84,IM
41406,89.69486853,22.19268364,20382.9,IM
50201,-109.5850525,27.98465887,50902.61,NA_Realm
50301,-64.75632469,32.31143189,39.39,NA_Realm
50302,-106.7177303,26.55667516,222333.97,NA_Realm
50303,-100.8838045,25.14645496,65496.4,NA_Realm
50401,-77.1020448,41.97565382,84010.83,NA_Realm
50402,-82.45711703,37.90235329,192263.65,NA_Realm
50403,-80.84571778,37.46568956,159342.5,NA_Realm
50404,-88.66952059,37.0465499,296135.23,NA_Realm
50405,-96.62399533,30.6115611,52583.16,NA_Realm
50406,-77.27166081,46.77308761,348614.26,NA_Realm
50407,-76.36463629,44.69662477,116672.75,NA_Realm
50408,-64.8811364,46.29649354,39515.69,NA_Realm
50409,-90.89949018,33.57006104,112240.04,NA_Realm
50410,-68.42170692,45.37783839,238153.25,NA_Realm
50411,-73.01317864,41.75495453,89778.03,NA_Realm
50412,-93.79252856,35.10253595,62008.35,NA_Realm
50413,-83.76842644,34.37490583,347724.08,NA_Realm
50414,-83.59851204,41.66787127,244828.21,NA_Realm
50415,-91.02529618,44.47387379,166476.76,NA_Realm
50416,-91.22830904,47.33196508,274721.27,NA_Realm
50417,-122.9788177,44.8784426,14883.02,NA_Realm
50501,-117.7649859,52.84021162,39932.59,NA_Realm
50502,-118.1023717,55.1431687,121016.65,NA_Realm
50503,-109.453551,34.15991486,109051.72,NA_Realm
50504,-73.43245722,40.29402515,8975.01,NA_Realm
50505,-118.4749753,44.73727074,64844.17,NA_Realm
50506,-126.2591786,52.05025531,137749.93,NA_Realm
50507,-121.9485581,49.89470589,46451.43,NA_Realm
50508,-122.1680679,44.89096381,44950.28,NA_Realm
50509,-124.0479242,55.74547004,72089.9,NA_Realm
50510,-124.675396,47.48155297,73863.29,NA_Realm
50511,-106.348064,38.66726536,132840.82,NA_Realm
50512,-121.2284448,43.03831897,55298.62,NA_Realm
50513,-81.16022335,28.26201186,3879.02,NA_Realm
50514,-124.1073748,53.3703531,137635.86,NA_Realm
50515,-115.8175554,39.01288592,5788.2,NA_Realm
50516,-123.1358847,41.39485903,50369.96,NA_Realm
50517,-78.51355493,34.95362485,133597.06,NA_Realm
50518,-116.8122226,49.73141388,246514.65,NA_Realm
50519,-123.5662063,39.67099137,13287.08,NA_Realm
50520,-137.2804848,57.59351216,60754.9,NA_Realm
50521,-128.6392543,56.14917675,25783.05,NA_Realm
50522,-119.5554389,49.77802501,53495.62,NA_Realm
50523,-93.66216062,32.25541062,140797.49,NA_Realm
50524,-122.7645208,48.08238494,22605.49,NA_Realm
50525,-132.2197338,53.3891438,9998.57,NA_Realm
50526,-115.7471698,31.67449325,4001.96,NA_Realm
50527,-120.0443358,38.58233225,52871.57,NA_Realm
50528,-111.5542565,44.60269518,159692.84,NA_Realm
50529,-84.10210177,30.2403457,236352.14,NA_Realm
50530,-111.3370245,39.92674167,41508.53,NA_Realm
50601,-156.8217892,57.12663292,48043.31,NA_Realm
50602,-83.03639446,50.55691179,463345.12,NA_Realm
50603,-150.8004745,61.44344555,28015.17,NA_Realm
50604,-145.3392335,62.16981422,17275.28,NA_Realm
50605,-64.17182694,50.36734304,488586.58,NA_Realm
50606,-68.70446792,55.05555329,757249.94,NA_Realm
50607,-152.0511237,64.83528653,446260.73,NA_Realm
50608,-109.0453595,55.81455148,369628.42,NA_Realm
50609,-99.10536739,55.00604606,548394.26,NA_Realm
50610,-120.1685223,60.40978958,263805.61,NA_Realm
50611,-57.53529179,49.05842687,16390.58,NA_Realm
50612,-105.5673325,61.45796983,617318.74,NA_Realm
50613,-129.1022462,59.27270861,264234.18,NA_Realm
50614,-125.8738052,65.27500641,348147.42,NA_Realm
50615,-54.17597772,46.84763139,2035.36,NA_Realm
50616,-85.90167372,53.85235794,375338.84,NA_Realm
50617,-134.9960506,61.32856886,62742.23,NA_Realm
50701,-94.78452444,28.95384512,80514.58,NA_Realm
50801,-120.7479243,37.55017158,55084.29,NA_Realm
50802,-108.7681645,53.07279839,399038.6,NA_Realm
50803,-99.01386307,37.37252999,282267.42,NA_Realm
50804,-93.08653078,38.02965272,407235.34,NA_Realm
50805,-94.75550144,42.77776597,248867.02,NA_Realm
50806,-99.24990592,30.3814401,61733.7,NA_Realm
50807,-96.53794288,38.23715814,29632.07,NA_Realm
50808,-112.0529854,47.14825622,81929.04,NA_Realm
50809,-100.7937897,42.04670827,61212.4,NA_Realm
50810,-103.6828281,48.67243022,219614.38,NA_Realm
50811,-105.5352498,47.01113559,640108.51,NA_Realm
50812,-97.46787015,48.79666398,76259.4,NA_Realm
50813,-118.2049271,46.62559301,46992.64,NA_Realm
50814,-96.82108512,31.61428418,50214.8,NA_Realm
50815,-102.5739297,36.98167169,435312.91,NA_Realm
51101,-147.1259399,62.07470062,152717.94,NA_Realm
51102,-110.6331645,52.87893972,12141.01,NA_Realm
51103,-142.2049754,70.3074507,98909.39,NA_Realm
51104,-155.2616151,69.04847823,130031.71,NA_Realm
51105,-68.89618437,70.23465125,9171.51,NA_Realm
51106,-161.0883922,61.0630455,151819.97,NA_Realm
51107,-162.1059611,62.85701164,97952.51,NA_Realm
51108,-149.065714,68.23078785,160646.46,NA_Realm
51109,-69.62986012,69.29084321,88522.99,NA_Realm
51110,-88.35082105,76.74136632,467508.78,NA_Realm
51111,-142.030645,64.12439665,234131.81,NA_Realm
51112,-33.633719,78.49531949,306129.09,NA_Realm
51113,-48.80778158,66.70524572,172182.45,NA_Realm
51114,-100.9624462,64.89472604,801764.75,NA_Realm
51115,-93.02441268,68.62330761,1040235.62,NA_Realm
51116,-133.0095684,64.23836622,209807.52,NA_Realm
51117,-139.8062612,59.35855705,107361.89,NA_Realm
51118,-64.06199225,58.6855684,32462.96,NA_Realm
51201,-117.1449624,32.99007587,36249.37,NA_Realm
51202,-121.1111021,37.29425834,64627.37,NA_Realm
51203,-119.1142231,34.96245713,20406.51,NA_Realm
51301,-113.5889132,27.82693561,77590.46,NA_Realm
51302,-101.2164271,21.41764446,59194.9,NA_Realm
51303,-105.1289531,29.68726073,508891.63,NA_Realm
51304,-109.2895456,36.83440992,326501.02,NA_Realm
51305,-115.5612858,39.77718278,336212.3,NA_Realm
51306,-112.0373479,26.64129617,23536.7,NA_Realm
51307,-101.8427802,23.73817192,124975.11,NA_Realm
51308,-116.1077331,35.74750582,130647.07,NA_Realm
51309,-117.4202299,43.63358902,218532.87,NA_Realm
51310,-113.0215834,31.91925384,222842.63,NA_Realm
51311,-99.50176136,25.08810066,16236.77,NA_Realm
51312,-99.4525061,27.19670086,141231.06,NA_Realm
51313,-108.3573839,42.34406285,132577.07,NA_Realm
60101,-51.22048318,-26.42707472,215673.18,NT
60102,-44.87722829,-22.87729139,7850.29,NT
60103,-39.93031272,-16.7614581,109305.11,NT
60104,-42.01009674,-18.28003424,229241.29,NT
60105,-67.07135613,-15.72010816,90229.2,NT
60106,-40.09101557,-4.204380119,4776.27,NT
60107,-71.9905028,0.749324199,183358.31,NT
60108,-72.21941513,9.06117121,22752.76,NT
60109,-75.9608776,4.884492348,31915.27,NT
60110,-82.15394307,13.36461831,94.83,NT
60111,-85.66811826,14.33755585,89449.87,NT
60112,-89.06212316,14.69040358,13251.12,NT
60113,-92.1709905,16.86377844,5758.94,NT
60114,-94.10931749,16.68987214,2076.66,NT
60115,-77.34735889,5.77478535,73305.12,NT
60116,-87.06148223,5.529990621,24.76,NT
60117,-66.31150282,10.2372929,14281.62,NT
60118,-73.37672955,5.973496391,67577.15,NT
60119,-85.04961924,10.42729697,10653.46,NT
60120,-78.06357497,21.25154322,21339.27,NT
60121,-78.48331115,-2.755161509,102062.35,NT
60122,-77.84587532,8.026345698,3031.21,NT
60123,-32.43224739,-3.85827405,18.82,NT
60124,-63.08104198,4.261947596,145961.16,NT
60125,-56.43555487,4.265636458,476153.11,NT
60126,-53.52277446,-1.974011202,9880.95,NT
60127,-71.08481734,18.94239593,45813.54,NT
60128,-73.40384701,-6.230781827,114506.42,NT
60129,-82.48854811,10.20200049,58358.92,NT
60130,-82.02649871,8.412759637,29175.97,NT
60131,-77.28451516,18.18919998,8269.56,NT
60132,-65.45232482,-0.956066859,268444.38,NT
60133,-66.55204226,-5.362194648,241492.82,NT
60134,-62.2227062,16.57217797,986.45,NT
60135,-60.35151677,-8.881250714,716681.88,NT
60136,-74.50193328,5.545285068,104598.33,NT
60137,-74.89611498,8.260650683,76440,NT
60138,-50.35056649,-0.327145609,88304.99,NT
60139,-43.73037741,-4.294118835,141635.14,NT
60140,-53.48025046,-10.21150182,412313.93,NT
60141,-60.67968899,-4.390174519,66506.14,NT
60142,-75.8200612,-1.980413075,250590.93,NT
60143,-67.57191629,2.250396883,200931.9,NT
60144,-42.43434414,-2.814619859,10010.92,NT
60145,-77.60271866,2.211115186,80806.07,NT
60146,-96.56365882,18.3249931,7576.92,NT
60147,-61.1758766,8.827857125,28028.21,NT
60148,-92.3193046,18.09077067,17152.91,NT
60149,-55.74007985,5.707113275,7690.31,NT
60150,-51.87624787,-23.48921553,482878.76,NT
60151,-35.63705198,-8.807961317,17501.67,NT
60152,-36.17648483,-8.903919932,22597.1,NT
60153,-74.85060451,-10.72547617,185961.86,NT
60154,-91.9872174,17.22761885,148595.45,NT
60155,-66.46596046,18.25538577,7504.11,NT
60156,-67.37711249,-4.106887508,176760.34,NT
60157,-63.52946399,-6.861567047,173261.42,NT
60158,-65.25532374,0.860999532,95986.14,NT
60159,-73.65475028,10.79569898,4765.53,NT
60160,-46.81152776,-24.61956287,104609.53,NT
60161,-94.96068559,18.33046511,3890.16,NT
60162,-91.96104841,14.96176609,11217.89,NT
60163,-71.25679371,-2.197067973,166931.16,NT
60164,-80.74409331,25.62975552,2070.85,NT
60165,-64.67697592,-23.30188543,75149.96,NT
60166,-70.23111227,-9.593449912,746652.66,NT
60167,-82.96950376,9.298777323,16274.44,NT
60168,-54.42910336,-5.904285503,335099.31,NT
60169,-64.29406155,4.772889504,50675.18,NT
60170,-47.43839745,-3.011631548,192765.86,NT
60171,-61.2436964,10.46064396,4721.99,NT
60172,-30.26270977,-20.49816874,9.26,NT
60173,-56.91352817,-0.318437282,470048.37,NT
60174,-75.96383831,-7.527393118,114442.96,NT
60175,-70.83889048,8.781155523,29268.9,NT
60176,-98.29307312,21.99110998,68946.35,NT
60177,-98.40380455,20.61280826,4942.45,NT
60178,-79.50051392,-0.355480585,33954.31,NT
60179,-61.19615523,14.36320675,2013.65,NT
60180,-50.86281603,-5.580528015,265072.05,NT
60181,-89.02180927,19.18249098,69481.98,NT
60182,-64.05487868,4.110128209,229835.8,NT
60201,-70.99283123,7.012462808,68245.46,NT
60202,-43.27594668,-12.45465856,114659.96,NT
60204,-102.06167,20.46198359,37383.69,NT
60205,-100.1564684,18.46279452,62246.6,NT
60206,-65.39523171,-18.86212229,72779.57,NT
60207,-76.05234906,4.766149702,7312.8,NT
60209,-87.48743988,13.27310121,67773.09,NT
60210,-62.73800415,-25.13953601,786789.52,NT
60211,-92.79628169,16.25602898,13973.63,NT
60212,-60.50898731,-16.11656473,229766.65,NT
60213,-78.87269436,21.66317149,65744.6,NT
60214,-80.23316692,-1.360274958,21187.13,NT
60215,-71.77659419,18.88065281,15445.86,NT
60216,-111.4139844,18.77350091,213.4,NT
60217,-104.2312547,19.57495035,26050.22,NT
60218,-77.41843485,18.04268428,2309.51,NT
60219,-69.18744142,10.91016456,16869.92,NT
60220,-61.39086672,13.38255294,907.01,NT
60221,-75.06613278,3.869349299,19548.73,NT
60222,-71.41965122,10.05932308,30084.59,NT
60223,-78.2976012,-6.359429173,11322.3,NT
60224,-80.28997315,8.161330239,5087.43,NT
60225,-77.19090887,1.890665981,2260.58,NT
60226,-66.53224681,18.03302733,1271.29,NT
60227,-109.9019208,23.5622709,3975.05,NT
60228,-106.5989746,24.30062787,77361.71,NT
60229,-74.05839757,10.08990039,24879.29,NT
60230,-97.4684017,16.63248921,42281.66,NT
60232,-80.18558029,-5.174337604,41100.18,NT
60233,-96.4208613,19.05605185,6615.68,NT
60235,-89.21653378,20.45155773,49623.17,NT
60301,-76.29080784,24.20060551,6869.81,NT
60302,-88.56468981,17.21300976,2821.95,NT
60303,-88.93510191,14.72654502,110941.51,NT
60304,-81.91433679,21.93075694,6404.75,NT
60305,-71.38226636,18.84786193,11560.04,NT
60306,-83.91311752,14.40858223,18853.77,NT
60307,-109.930056,23.44665888,1061.07,NT
60308,-96.27636384,17.29661141,14298.31,NT
60309,-98.92981188,17.37203886,60973.49,NT
60310,-101.1564089,19.82912685,92025.52,NT
60401,-79.55217148,-33.672957,145.86,NT
60402,-71.93882202,-51.59605759,164642.03,NT
60403,-79.962661,-26.32451237,6.49,NT
60404,-72.33324139,-40.87464832,248398.04,NT
60702,-65.48193911,-13.67759786,125589.14,NT
60703,-43.87196463,-19.09701156,26312.99,NT
60704,-49.77727442,-15.03988081,1910037.85,NT
60705,-109.221256,10.3011122,28.77,NT
60707,-59.08402363,3.107082316,104496.08,NT
60708,-58.67742204,-26.24119929,291590.23,NT
60709,-68.1419417,6.719347576,375786.54,NT
60710,-54.96777154,-31.55581071,352496.3,NT
60801,-62.98737749,-34.27261862,298734.72,NT
60802,-67.01104434,-38.30695159,353639.67,NT
60803,-60.7921542,-35.49198928,398554.51,NT
60805,-69.22333276,-45.6633028,576598.76,NT
60902,-80.60422715,22.1289078,5646.5,NT
60903,-71.52280233,18.48194145,628.44,NT
60904,-80.80882174,26.13654696,20028.31,NT
60905,-79.65010689,-2.081115336,2923.88,NT
60906,-62.2909241,9.487286617,5988.45,NT
60907,-57.20414309,-18.0611877,170501.33,NT
60908,-59.54226151,-31.09512871,37099.29,NT
60909,-56.63460303,-28.6274277,26866.56,NT
61001,-67.9018323,-21.23729106,254929.07,NT
61002,-68.08167869,-20.66077512,211477.99,NT
61003,-72.48752011,-13.47905225,116873.73,NT
61004,-77.92290267,-7.499970409,12119.7,NT
61005,-70.93981959,8.752122679,2797.6,NT
61006,-76.43238267,1.652962831,29810.5,NT
61007,-73.66295997,10.81864404,1238.66,NT
61008,-69.36546877,-30.68607857,124778.58,NT
61010,-67.59805202,-28.99114181,116569.42,NT
61201,-71.02101763,-31.39732977,148380.88,NT
61301,-63.48224541,10.62106477,5260.18,NT
61303,-69.62673889,-22.32725439,104903.49,NT
61304,-39.86106118,-8.651217344,731320.17,NT
61305,-62.70731549,15.34672389,3117.97,NT
61306,-77.27602255,20.84556272,3255.7,NT
61307,-90.89865203,-0.547208174,7978.25,NT
61308,-73.10528901,11.06043176,31477.42,NT
61309,-66.1586107,9.725047957,68181.46,NT
61311,-81.59670424,3.976280819,7.66,NT
61312,-89.70799305,14.97900817,2328.41,NT
61313,-70.08800352,10.83760071,15909.18,NT
61314,-109.945723,23.59847074,3867.26,NT
61315,-75.0863039,-13.28222462,184213.3,NT
61316,-97.60936931,18.82176537,9861.78,NT
61318,-29.3096035,0.9120514,6.04,NT
61401,-56.12395769,4.527192946,40894.42,NT
61402,-77.0491924,22.07571897,17859.35,NT
61403,-89.07145004,18.18768615,26658.34,NT
61404,-107.2157163,23.39516304,8174.09,NT
61405,-78.93237054,2.008152479,13460.91,NT
61406,-40.82896392,-16.71314091,10025.28,NT
61407,-88.30683484,12.61304672,7826.6,NT
70101,157.8770733,6.651786315,577.76,OC
70102,-157.884259,0.731570483,611.86,OC
70103,-158.6956705,-20.72364512,211.97,OC
70104,171.9839264,3.760897206,530.17,OC
70105,147.5137284,-17.46534846,11571.78,OC
70106,-156.4341969,20.42941203,6717.54,OC
70107,-177.9717815,-29.35745357,33.74,OC
70108,-139.5694132,-9.365296996,1074.15,OC
70109,142.0865154,26.27575514,96.25,OC
70110,134.5194042,7.425494526,459.75,OC
70111,-109.357143,-27.12305254,178.04,OC
70112,-172.0473693,-13.7739908,3082.52,OC
70113,-149.9720394,-17.41714195,1620.46,OC
70114,-173.4375268,-19.62953476,937.77,OC
70115,-142.0181652,-17.72233799,943.13,OC
70116,-148.4845297,-24.40663538,141.63,OC
70117,-58.58878372,-5.256773894,92.73,OC
70201,178.1972608,-17.32444361,6889.81,OC
70202,-156.2946074,20.1273318,6614.44,OC
70203,145.1588292,14.51783342,1032.12,OC
70204,138.1986895,9.545198373,101.45,OC
70701,-155.6560513,19.61439896,1847.59,OC
70702,-157.0137706,20.73618621,1517.52,OC
70703,-172.7549814,26.36960176,14.74,OC
80101,107.9238141,28.14745659,269131.9,PA
80102,103.0415092,25.43835404,239854.47,PA
80401,12.58651506,42.87588151,16147.17,PA
80402,3.294004543,49.58698099,400447.12,PA
80403,-27.34337648,38.36289121,2616.87,PA
80404,23.81514826,43.00030704,224767.87,PA
80405,13.51925088,54.55164003,117106.64,PA
80406,-6.040170019,42.68223675,79846.5,PA
80407,51.35134729,37.30933264,55131.75,PA
80408,44.25392218,41.93273919,170538.22,PA
80409,-4.145892855,53.63162856,210026.93,PA
80410,33.84188422,38.77365336,101492.55,PA
80411,113.542732,38.31496337,359866.79,PA
80412,23.58061439,51.42900212,733978.17,PA
80413,127.4816123,37.17959175,104601.69,PA
80414,127.5824979,41.80686466,93437.54,PA
80415,116.3827578,30.67385911,437582.25,PA
80416,38.20553802,44.58089768,30214.62,PA
80417,108.6197357,31.69511689,168169.59,PA
80418,17.34885483,44.08171995,58285.55,PA
80419,42.68066452,52.83214989,730128.43,PA
80420,38.98611082,38.7067317,81627.53,PA
80421,-0.850119848,51.51210462,45769.93,PA
80422,35.04369175,41.13970428,74512.62,PA
80423,142.3128777,43.32910617,25582.99,PA
80424,116.0044153,35.752883,434240.21,PA
80425,-16.94202003,32.75821355,814.23,PA
80426,127.8458238,46.38400876,505286.74,PA
80427,135.9918276,36.32718207,21637.2,PA
80428,139.3263511,38.46707358,82360.03,PA
80429,-6.640645504,56.10366473,38835.38,PA
80430,124.149662,43.80627082,232909.33,PA
80431,19.60812171,46.76241751,307716.37,PA
80432,10.72164139,45.20884678,42460.89,PA
80433,0.648948129,42.69230604,25930.12,PA
80434,108.4987494,33.54026403,123278.37,PA
80435,24.29563733,42.23219509,31685.27,PA
80436,31.84110862,56.67515212,850317.19,PA
80437,105.1976495,30.19699802,98008.84,PA
80438,144.3321734,45.93409192,12562.53,PA
80439,127.5257897,34.75123623,14724.46,PA
80440,134.6892302,34.35896668,138266.08,PA
80441,138.4700058,36.18717855,41912.92,PA
80442,83.19210331,40.13540829,54532.55,PA
80443,135.2048127,46.75589969,197953.6,PA
80444,76.94421241,56.06974285,224488.32,PA
80445,8.243558635,48.40838215,493836.32,PA
80446,49.2639718,33.1497934,397568.91,PA
80501,10.60297946,46.41944661,149870.8,PA
80502,90.07325847,48.2461034,142875.11,PA
80503,-4.206183504,57.17850326,22112.44,PA
80504,23.24613163,47.97218236,125334.93,PA
80505,123.9842607,51.94156806,249275.2,PA
80506,68.72122435,32.5128063,20071.11,PA
80507,52.49232598,36.85189608,63287.33,PA
80508,105.8649422,38.62174111,24704,PA
80509,100.2535609,29.21174828,99290.93,PA
80510,143.0571401,43.60564976,45852.78,PA
80511,139.3777629,38.22025904,11504.52,PA
80512,98.75933536,48.410297,2901.9,PA
80513,1.106059315,35.3076498,23091.06,PA
80514,94.68790783,29.46765788,46220.24,PA
80515,35.39619774,40.42463374,101409.68,PA
80516,97.68354532,29.09528028,82699.02,PA
80517,102.4002033,35.5328163,16653.12,PA
80518,102.9931021,30.58646189,80133.75,PA
80519,94.61503618,52.49544084,358833.37,PA
80520,9.410007382,63.43353902,19401.37,PA
80521,80.47603418,42.98935527,27567.84,PA
80601,112.449321,61.65077722,3922554.66,PA
80602,-18.71940285,65.0611226,92077.38,PA
80603,158.6104033,55.46576193,147064.4,PA
80604,160.3708291,56.10457229,15293.73,PA
80605,147.2104459,65.48899972,1133261.93,PA
80606,136.3842783,52.03636429,403504.46,PA
80607,142.7845482,50.65381966,68943.67,PA
80608,36.31314662,62.87900337,2170288.14,PA
80609,109.9060428,50.9300676,201185.64,PA
80610,58.43599017,59.46517613,175548.43,PA
80611,75.05868177,61.32853177,1680244.74,PA
80801,68.02851771,41.01371093,127683.11,PA
80802,82.58781646,48.47150236,83191.92,PA
80803,33.0361625,38.73616342,24934.21,PA
80804,112.6321393,49.92159346,209634.25,PA
80805,44.25686392,38.84298477,168381.66,PA
80806,83.4481665,46.21231842,65134.55,PA
80807,-6.890577319,62.06516781,1456.79,PA
80808,70.26281355,40.06531934,168202.03,PA
80809,71.7913978,54.10615553,422308.21,PA
80810,70.09297873,51.77397529,807556.8,PA
80811,72.83543213,50.32150239,72199.47,PA
80812,39.85609765,35.18521593,132288.38,PA
80813,115.9115906,45.8492186,889460.08,PA
80814,42.69652821,48.53627556,997072.74,PA
80815,94.39803112,51.32936566,34056.95,PA
80816,101.2966925,49.03154029,228368.86,PA
80817,92.57386211,54.9223328,162600.05,PA
80818,77.25162455,43.28322892,129231.19,PA
80901,131.1480908,48.73795166,123622.05,PA
80902,118.6116124,38.07753956,11564.86,PA
80903,123.9556216,46.50499994,23259.81,PA
80904,31.64191036,28.61150393,50952.52,PA
80905,12.68058826,30.32254475,53853.66,PA
80906,47.09604637,31.63666542,35572.85,PA
80907,132.5976317,45.17145265,33836.38,PA
80908,120.2884127,33.78233899,5319.73,PA
81001,88.01092592,48.65395343,90434.37,PA
81002,88.10691001,33.34032009,629190.38,PA
81003,90.6541204,28.57718599,121013.77,PA
81004,66.31477614,34.28434278,66482.04,PA
81005,70.51421742,36.29329193,28268.45,PA
81006,76.36421279,34.81847028,143264.61,PA
81007,99.28407436,47.49154229,37167.76,PA
81008,57.92270838,37.80723753,58318.57,PA
81009,58.0764801,31.02618374,126223.79,PA
81010,-6.245976261,31.74816194,6327.65,PA
81011,85.24905256,36.10882211,374494.46,PA
81012,75.16471979,34.00642334,49389.78,PA
81013,108.1511141,38.12335484,215604.05,PA
81014,73.340187,38.37970906,118039.56,PA
81015,97.97214987,38.65609598,73285.47,PA
81016,96.41074843,51.90619722,81212.68,PA
81017,99.21807292,32.60765685,460542.1,PA
81018,68.13440973,31.32213031,23849.58,PA
81019,81.77611422,42.71901947,280611.24,PA
81020,94.79637599,33.28940195,271999.14,PA
81021,81.00450635,30.48926195,70090.43,PA
81022,88.9205404,29.14127026,59380.65,PA
81101,52.54771341,78.48506031,162810.24,PA
81102,168.6307477,63.50161701,477269.46,PA
81103,143.6464992,65.72819535,560461.37,PA
81104,54.21945365,67.56545592,300484.58,PA
81105,160.0821087,56.72205387,119889.31,PA
81106,35.7164042,68.48777083,59185.38,PA
81107,146.7608847,70.73881823,224277.81,PA
81108,57.01095195,68.3353787,286282.13,PA
81109,142.038986,75.08133219,37247.29,PA
81110,15.55669111,65.73972177,244864.75,PA
81111,101.5001523,72.30279166,962154.39,PA
81112,122.1602833,55.92561142,218608.03,PA
81113,-61.72051658,71.21424238,7599.86,PA
81114,76.11166718,69.14897275,415130.99,PA
81201,24.78298066,38.75495215,133557.95,PA
81202,29.23961718,39.04510189,86392.73,PA
81203,-16.59361345,28.1968418,4966.86,PA
81204,9.026356296,42.08597932,3633.65,PA
81205,24.84143181,35.22038084,8192.5,PA
81206,33.23491402,35.04722775,9272.64,PA
81207,37.42596525,35.7997753,143853.28,PA
81208,-2.458019262,39.98258731,34460.94,PA
81209,-3.615528807,39.78788503,297955.65,PA
81210,18.08361798,42.32772443,40638.91,PA
81211,12.35105013,42.82817076,102224.63,PA
81212,-9.209875956,30.35791278,99974.98,PA
81213,4.082078854,33.52915483,292082.22,PA
81214,1.477615971,34.60007722,358243.22,PA
81215,3.433496321,42.6917488,90850.93,PA
81216,-5.587133373,41.63659087,57405.92,PA
81217,21.11968957,40.31673571,39583.76,PA
81218,15.64553311,39.33018176,13094.78,PA
81219,-1.931450346,37.16269598,2867.85,PA
81220,33.29295395,36.87284256,76475.44,PA
81221,-7.313823634,38.16405233,71123.33,PA
81222,13.15308098,39.70813666,85083.97,PA
81301,67.56873404,35.26989054,13682.46,PA
81302,101.5746471,41.47063208,674352.29,PA
81303,46.03075829,24.88371974,1847460.79,PA
81304,-15.70872885,22.19538412,39887.34,PA
81305,47.65816622,40.35529064,64089.4,PA
81306,64.58016733,36.62747873,133646.55,PA
81307,68.23379346,30.08880966,288423.82,PA
81308,49.93456794,46.3190039,267975.52,PA
81309,65.74959432,33.22345964,139333.15,PA
81310,65.69085813,44.76457773,663852.57,PA
81311,64.52940637,43.53711499,88799.89,PA
81312,60.86533376,40.56847696,567375.8,PA
81313,56.03419201,33.47600265,580654.83,PA
81314,108.9565646,43.88555404,282367.98,PA
81315,100.3205999,45.4186594,139713.73,PA
81316,93.64886336,48.76564958,157705.51,PA
81317,88.77055409,45.65289573,304937.77,PA
81318,65.84162551,48.19782342,680441.47,PA
81319,55.45092421,38.32039765,26285.62,PA
81320,40.90949281,33.87687042,210907.96,PA
81321,1.583333291,28.72049492,1673775.7,PA
81322,67.24243948,35.99027323,92608.73,PA
81323,48.74171751,27.28137783,72517.6,PA
81324,93.71483815,37.70553816,192146.66,PA
81325,44.43222084,22.77945392,649657.78,PA
81326,63.15001851,30.31237405,276998.95,PA
81327,13.91394549,24.0863367,4629416.31,PA
81328,57.36792781,27.70127672,350889.1,PA
81329,12.89091862,18.58339798,1098253.9,PA
81330,85.3214503,40.01748817,742656.95,PA
81331,17.98512085,21.10271504,82009.37,PA
81332,5.954732927,23.30735565,257450.26,PA
81333,34.83218453,24.64810755,59196.58,PA
