ECO_ID,PD,MDT,MPD,MNTD
10101,8198.251645119,59.032401213047,249.186886791881,81.8107294848057
10103,3091.14034854,64.4900818726578,243.26469186021,91.3189164297083
10105,63137.9594443763,28.062079261719,246.495556470627,30.4459120932521
10106,21993.1922880122,38.3810911309023,246.51086352301,41.6614206850339
10107,20965.3960602534,41.7356537972599,246.501508619128,50.0582632759887
10109,10434.59308764,45.9209239083095,241.831712749392,58.3028175884974
10110,6783.6059014508,56.581562333833,247.004495500555,61.5724581492733
10111,21907.5129980385,38.4668855355657,245.013879616686,44.0728851904385
10112,9269.2568983698,55.1207685940941,246.125859747685,68.4646402920692
10113,56645.0449506615,25.1067730935536,243.055604978655,29.873700688105
10115,47851.0786221041,27.9136256258618,246.915120546291,33.1382166307657
10116,12605.1538510415,46.4219100181862,247.701414820869,56.5403379643827
10117,80314.2453565265,24.0153267263026,247.959372495682,31.2759891260673
10118,5047.3449370001,56.8404294048381,242.342860743433,72.80398962102
10119,22374.6687089401,37.1128472237493,243.31019745553,41.303007714946
10120,72540.0330979499,25.8879603743059,247.433471050879,30.4720445156782
10121,15302.383891478,44.4101436773487,246.617891764017,53.9148537867088
10122,16659.174805908,42.6307345225718,246.969566408841,49.1464383784855
10123,26679.7565994065,37.1120385184814,247.106384455325,42.0482539985287
10124,26632.6673148833,36.8967212027623,246.982644518912,39.0967953972601
10125,10202.5264038931,53.0449793694029,245.710448579749,66.0636846258686
10126,26328.8792048305,34.3803767611619,246.094891481361,40.0458239403929
10127,17894.1713851503,42.479070651582,246.487783813897,45.7917247982652
10128,24361.7799796333,36.0865068791907,247.453164073435,42.7678894441365
10201,13777.0465046551,44.4229313751895,240.790397880433,54.8889299800003
10202,26292.3436403861,32.7108899838781,241.781998657272,37.8104897999265
10204,12703.4121496511,37.4543182884433,240.046086588361,51.2055169838408
10401,8632.2239537788,42.4922397213487,241.953613797812,47.0999118172097
10402,128479.895729731,18.3574170877664,245.283729852842,26.7648481665435
10403,13596.3870270803,28.4471462238305,234.230798435375,27.2487674846589
10404,27092.0088153712,26.8860466308658,237.891754358527,29.1083768530389
10405,54732.3716334788,21.7897164977889,243.981530986615,27.1718678243563
10406,54103.1107451724,24.2313390612329,244.673177859491,30.8941871959835
10407,12475.1651607597,35.3236602230372,237.171463012885,38.7950965056976
10408,30615.1328559468,25.3856309624986,239.486338861793,29.0318256945792
10409,98316.1215327097,17.9870411939192,244.630611041368,27.0928418502981
10410,18796.841833376,30.8338305991551,239.091557883903,35.3805727166454
10411,41003.7905364928,23.9391304933502,243.114586808813,30.3889269987421
10412,38582.5041242535,24.1442519934433,243.544351684342,30.7455317385557
10413,38908.277296105,25.960913061007,243.313055297379,32.6789789114331
10414,16207.5134684901,33.7319437232323,239.007393170326,37.2347392965829
10701,56253.5087028431,25.8234362332844,242.001261740074,30.3661456643831
10702,68611.8843097508,21.8840688435125,242.398836071183,28.3632718975538
10703,58664.4107537195,25.4155571611448,245.559229478417,31.3396074615854
10704,39332.0702262725,26.5778537346667,239.063577604975,29.8400744864752
10705,65111.6308819992,24.2336292435629,244.508481520714,30.1917001153001
10706,53379.8572060719,24.3792351285076,240.156835960776,29.0703541022135
10707,33692.6824126284,23.1582137179528,237.411726770302,27.1541055717433
10708,14046.1741860131,39.978267262569,241.630614668437,47.9657437319914
10709,28033.9518600895,27.0880068649596,237.483603293614,29.6277913657782
10801,43224.4800661974,20.7206215372794,240.447423658972,24.6746005603946
10802,24391.5121458489,23.355725521149,234.932160212552,26.1037425182902
10803,56826.9550762007,19.2792975092736,241.221361397944,25.289760531789
11001,29366.2138533002,23.3736362693805,240.273989874187,28.513986825316
11002,25312.1748121468,34.8348053855731,241.493640482264,31.2924369359892
11003,27425.735796629,23.2155639702738,235.572749543678,25.0673112585589
11101,5251.27756246,36.7114490660891,233.506188263217,33.6901421931747
11201,32441.7689237702,23.2882929584293,235.97281398202,30.0949536781445
11202,64134.8564748183,20.2600587942935,240.115343056539,29.3175017976641
11203,34038.7920466296,22.1053282423576,242.098800887982,26.8921536609019
11204,38553.9426477774,25.5980881360196,245.826699425177,32.2625355672688
11205,52129.2825226174,22.928954287568,246.200613374411,30.2461472594787
11206,51253.7243928244,20.6202146425955,244.198847734658,27.0574657962586
11207,46081.4641850067,19.5121826560004,241.581558189441,25.0414905345441
11208,39360.8669779326,22.3186251312381,243.150512646328,28.4361145886973
11209,70023.2894380473,19.5045632146225,240.539679377163,27.412100802497
11210,57547.8332118557,22.0330324363672,244.778920493303,29.6564557226517
11301,20305.9667709823,28.6421414728118,236.383959032739,31.2575856494907
11302,26514.736595693,22.4338619388579,236.401469691354,24.8941739130062
11303,9097.2389816033,33.0700667212446,233.347289485023,37.9826511204115
11304,28515.9833848077,23.0818909830618,236.482391704333,26.2496392988407
11305,22085.6895232923,24.4386817813732,233.524751205326,28.1170495151675
11306,11616.5158055132,30.1227219177519,232.112191738321,34.2172949393933
11307,23012.8603544383,24.5785875898243,236.089753665449,26.5308577084648
11308,21880.0147029823,23.1831146870182,234.306988349249,24.5280212845939
11309,33630.7642173909,20.621305744789,237.080986654932,23.5764406855236
11310,29434.4208710133,23.3584723644797,233.426525098222,27.9570670521983
11401,7865.6396239071,55.0210753696726,247.653958320064,65.7919997455944
21103,1796.491487,45.83945475,215.155266285897,48.93295565
21104,1752.1519280003,61.6186345,231.333946301095,66.2052221290516
30101,53272.5076914945,23.6719084547121,240.343518956073,28.1391788427721
30102,83452.2543874877,21.9214956239767,240.223833229856,26.6438561038103
30103,52358.2427799568,24.2322317518033,241.4958170557,28.4673051485867
30104,14509.2655875243,39.6222252911297,232.073790038353,48.8866936483618
30105,25117.2774485727,35.4666012692499,244.148033093022,45.0076775239137
30106,2623.928631003,61.44271677508,226.766195607768,78.7275954257915
30107,53099.9314232305,25.3937343197344,239.311912189611,29.5899006700616
30108,35693.253652278,25.1016032723035,238.821819286978,29.6353890727946
30109,52525.6529155657,23.8980184228053,237.695017084931,29.2798386816339
30110,24146.7571833301,31.1401171022332,237.564422649904,36.884571338799
30111,67667.8896034105,22.8745157576033,242.379533881744,28.3341269182013
30112,37777.9635912555,24.9874554869802,237.50054905222,29.2065020905034
30113,13547.7719260918,48.444921119351,246.560796364665,62.5310075601792
30114,42102.9709408989,26.7702504117105,242.494291862422,32.1835446890807
30115,29671.1089860549,29.2482663704785,244.704867983963,35.2374120972591
30116,54394.9948218192,22.4042855105167,242.479120683327,26.7721852558781
30117,85034.2704545157,22.0678405468132,243.025980763997,25.5374855521362
30118,81131.1370338255,21.1580780795245,242.710842922898,25.4951971784413
30119,41027.1119398346,25.0909569916011,242.114999032638,29.452199814084
30120,39864.5012023617,26.5613275842451,245.493425566988,32.7778855109548
30121,18392.5184808471,32.6841549613212,238.671567356779,37.2407472541857
30122,11878.8169503041,43.2867323774153,239.744557803867,54.3277477951273
30123,34083.6879780773,28.3286998876914,242.455162708641,35.9431635027093
30124,41677.1664649851,25.8899261856778,237.468135093488,30.1240522500188
30125,42264.2365435619,24.6666689546633,239.24520325019,28.7686445711971
30126,67624.7499307921,22.4270723241357,239.651566117178,27.5417056889937
30127,17744.6788651895,40.0096906525379,241.365670876816,49.5921483143951
30128,26146.7590566585,31.576151413435,236.253659359348,36.5969204251357
30129,11102.6433991887,48.1370786351783,240.26418682432,63.1902006920353
30130,52537.2099161037,25.4275182224923,241.936583276914,30.6926380843751
30201,11881.9342729314,34.5913215206842,236.910085853072,43.3334884240578
30202,63092.2748126029,23.6787936129062,239.73806105111,27.7395480661113
30701,18483.6826330217,35.1304415373934,236.346705193239,37.1837535761217
30702,13653.8025960305,29.5344055245916,236.539110280372,34.6177823551249
30704,88016.7362992759,20.1993614923945,239.306040314053,24.4303754518232
30705,34242.3520143613,26.2865289697795,238.762865380998,31.0517742160586
30706,41835.5240942017,24.7708375992434,238.024208011081,29.4166794787714
30707,71531.4613140651,21.8783171054975,241.964459318668,26.7905152238693
30708,2694.7729470065,72.4887806575086,237.373253161793,100.128822784127
30709,28647.9435027341,24.6592150571307,238.80331203441,27.4921394426609
30710,12049.7548675061,34.4949321540159,236.940617947348,43.2554955055104
30711,39055.6389091915,23.7497020264387,239.402330746221,27.2849112778919
30712,46986.7012446773,24.3093209873226,240.273298951762,29.0832381830542
30713,28084.095600871,26.1657207786786,238.108557981074,30.7130855598169
30714,10532.9668886249,34.6499042760343,234.770858579775,42.8948178186805
30715,36463.2538585695,23.9418300619387,235.93097943241,27.3831351786031
30716,29536.3081782243,25.1476795285302,237.584794151096,29.9808602161683
30717,53317.7343939993,21.3082838350361,240.349989693487,24.7165995621087
30718,18846.5493575395,32.1529885757133,233.749912957875,38.7406247253824
30719,39002.9215955331,25.1025100489584,241.223451877314,30.0623125981286
30721,40555.0495693643,25.5362164345386,240.366289610108,30.6648284060509
30722,61062.2876854905,22.5250072077245,241.023114288188,27.0787809367342
30723,56527.6603452757,24.6981408584934,239.560669683548,29.4086112577086
30725,64206.4713962394,20.2073518356322,240.918773634293,24.2440275358601
30726,17672.9668329547,32.2098766700218,239.975948419689,35.7810418531107
30801,6051.1586940058,57.3551544020373,237.949681271762,80.2426563620371
30803,1508.282089,47.6796636071429,200.824229431933,53.1874295714286
30902,3763.6513485033,52.7247439179537,225.386808639373,66.8786577693885
30903,2539.760829,52.9869085777778,218.994675146259,69.6585866122449
30904,3417.8110060003,50.4004859218562,234.441071476337,69.5636975882353
30907,24621.9888810381,29.7107569366718,240.169959633236,34.1805572053909
30908,4215.9731770003,49.0402419024354,234.685897988777,60.4832932696629
31001,6917.7038509968,47.3780314586466,235.039242492905,55.7260668986127
31002,4276.8092191971,67.6638345552172,237.965410678392,101.441179199751
31003,21205.1192363326,24.0765099300062,235.517259134641,26.2703911125092
31004,88323.7514808438,16.8041693365271,239.316370598437,21.2203006449466
31005,10571.6935147762,34.1738552239927,232.090974001702,37.4148563747326
31006,19424.3670400001,34.1969248644434,242.609231419667,38.7971730049364
31007,42395.5719116529,23.4983317701097,238.665141763516,27.4942691187
31008,11800.055531601,32.5584685247474,234.754920954645,36.6805870792003
31009,48224.976517484,21.5759224727194,240.033854593968,24.818750319376
31010,3234.9837915,61.91059779,240.145044552036,85.6281973653846
31011,13579.0726263701,37.3237976569209,236.347071985266,39.8527425010091
31012,38078.1965895797,23.6551340826828,240.56245883892,27.3603364752474
31013,9427.9996162975,39.8871570922659,236.430078442898,46.638650101531
31014,18775.0297871141,36.9777094696333,241.181631272625,44.6097299131084
31015,43990.5597145742,24.7140745974004,239.472127204428,28.5421682034521
31201,31791.0304285669,21.2791064314576,240.767966518113,25.5583365092297
31202,78988.9714198929,14.5133675958473,242.787568922923,20.3544218059148
31203,98198.411564154,12.1501938752267,241.439259208536,18.9393588841378
31302,18670.8982551512,30.8596925174832,236.377219778531,35.7703107521865
31303,4555.491584,45.9522746344086,225.348408913267,68.4019092772277
31305,9157.0937920208,38.9171877695306,236.774685019387,45.5282240957701
31306,11290.813878627,39.2824407663906,236.41177526187,47.8866346115303
31307,5672.7950315178,39.0824621231175,234.56330688919,43.4762494168756
31309,28416.3383667167,23.2920212054086,238.316959313559,26.0100813266065
31310,5390.6544425145,47.1860263586057,235.41989632379,52.8715961463569
31311,28882.2908451031,26.0430189944474,235.066414741332,28.3701730813796
31312,29202.8733627199,28.8132761510983,238.279819651288,32.6316078295604
31313,3167.3783825051,58.4763103229646,230.396829102579,64.8891175763526
31314,42015.9549124686,18.564612937014,236.517460403294,22.6321895795691
31315,12438.5779940275,32.9590513101724,234.484824694374,37.7437641737442
31316,24378.9874994264,25.9034605046204,237.000936465559,28.7552931254593
31318,14078.0648733304,39.2019678654055,232.373693737593,44.6542040582818
31319,9698.0218295385,37.3444270438654,230.549022322803,39.3634607944418
31320,17863.6684958151,30.7156853076115,233.337946850027,35.9495483006585
31321,4962.1973559965,40.4701846068299,223.330042540541,53.9727594632748
31322,55482.0125667184,14.2261314383413,236.588318875872,19.5236760520224
31401,35187.7695011493,30.3218778243968,242.409989893555,35.5517270385637
31402,12726.0441698303,39.7762917343597,240.844304913579,51.6647061731641
31403,17297.8671193727,39.2896662219144,241.531914992659,49.1162711596958
31404,5588.2400191568,57.2265032286472,239.803026361444,73.322101058302
31405,22558.8536179371,35.5776688688678,243.706183429825,45.8047034406723
40101,5463.8156211,56.0304809032609,242.887274666695,72.1274931938776
40102,103588.430609373,23.2451275008344,247.768564014504,27.3107316410973
40103,44635.7394287933,30.3551233181183,246.488070541829,31.949709261713
40104,24040.8982163435,34.4133602857404,245.190555315838,35.4636510944952
40105,10586.4853150785,46.5304903800955,242.501994936263,62.3410685026323
40106,20823.9711759905,40.8689314450281,246.360188913956,51.0859762223816
40107,14770.1952314525,40.869858535066,240.817635288981,54.0240673575822
40108,25741.6243131497,36.0171218042267,244.546533570383,48.5179604801629
40109,5437.3573974968,67.2750550723685,242.738751168891,89.0952852649446
40111,16320.8640659353,38.3338609455333,239.785711488091,51.8775695755953
40112,13873.2044526373,46.1444002807398,241.668271095607,62.102451552088
40113,15250.8178422765,43.0714321546846,242.192454670735,57.6728884481758
40114,17512.1085439391,41.8952494724927,244.399874662329,49.6652115303909
40115,14369.0007070248,37.6717982548814,240.679912026872,47.3330953602042
40117,2341.2871050003,63.0245887941176,234.957464849866,85.9291402162243
40118,118719.134431192,17.2140398926185,245.348957901482,24.5938029847101
40119,57441.6125483459,25.7291692856241,243.843709401553,32.2020141684954
40120,16349.5105202511,41.3972360004422,240.771643137621,56.1559532961043
40121,21598.9712860715,36.2455199907842,244.978808717857,42.5642595174256
40122,4885.2128489998,63.1788160547945,241.349722626808,74.7009387209233
40123,37592.2432914863,29.478329663822,243.461261696755,34.0052498493232
40124,33326.2172178003,30.865710040017,240.708774006343,39.751161810877
40125,3892.1969420001,60.5852373548339,233.383619713274,80.8121014761873
40126,8712.0387555103,59.0316762396924,246.234478626624,78.3975632381694
40128,12464.8298063668,48.4608699737081,242.590624980752,53.0951069186377
40129,27798.5796652889,34.6009513299203,245.52724070032,40.8227865754122
40130,10813.5996081141,51.1933014746552,243.5826030807,58.7399386347338
40131,8516.1721250058,51.4891442655111,245.328783416328,73.2899177394643
40132,2814.2233340788,74.3975316688611,246.199529720947,107.981675603124
40134,26242.4261531169,32.4409461444856,240.371614345861,40.1656351088054
40135,26209.6635316323,34.2810301326957,240.997375086241,41.7404432330631
40136,19576.2103704353,39.1836723335381,245.749609219718,48.8394041579367
40137,113610.88987888,18.6451477342251,246.215174299222,25.7155176113563
40138,7128.922720411,60.4080681476899,243.474285737403,78.9861616965754
40139,8967.8190925265,53.5370280988873,244.992569263686,73.9451648478909
40140,2762.7137666075,64.8080250086,233.428675353096,75.4289925322549
40141,14215.0893679231,45.691086609884,248.045126523817,56.3958096088588
40142,8019.5346127151,51.5858795848353,238.089339652518,70.7606653936779
40143,18862.1343759244,40.0600109961819,242.244650395987,44.880811391701
40144,24691.253970273,36.3481170647798,247.863348716828,39.1131996531395
40146,65681.7922550285,24.8611448876884,247.574641990998,29.3592883327403
40149,99134.7027891568,20.356060661475,246.198812711823,26.5468642846235
40150,26188.0241280663,36.0994852212039,238.298785077739,43.9720331739533
40151,40673.7407007977,32.8135526387942,243.338312506837,39.7501811768576
40152,25508.7164907393,36.2585429218453,245.457660515679,40.3145176987676
40153,5700.1114644033,57.0172800458667,238.97260111944,70.8567849923544
40154,22662.9788060681,39.2116653077132,243.7622005013,44.5602066236739
40155,15267.6795521088,47.1246146189663,243.612446610921,56.1805400520579
40158,42701.1018164131,28.1424713038973,246.58884003049,32.8999959948806
40159,28573.2003186432,31.6616427351017,245.544627785534,37.1199210894721
40160,3943.6094406,59.495269009475,244.238214522505,80.2545650676923
40161,22635.2475129983,34.0423052069215,245.396684688406,38.0545209573548
40162,8642.7306384881,48.8415155526228,238.574987917095,65.5763572370222
40163,51010.7725508071,27.4676623190422,245.62662136949,33.5210567470229
40164,2767.4170600001,87.7219657,244.932563113985,140.101478322587
40166,18394.0376866437,37.8166390282169,237.758707177803,51.6821357956444
40167,24875.3478257787,36.1931611647084,245.973801304883,46.3015811769542
40168,25039.9858699251,36.3639373678003,248.638296284246,45.5827799274671
40169,21827.4423479443,33.9985961914691,245.704294615323,39.5931082439179
40170,40451.3971606225,27.8065829272266,245.841780914415,33.4516256328601
40171,40802.6510699393,27.1565905270789,245.623137153712,33.8033440718458
40172,83645.7701406956,20.3748624231336,246.386143754189,26.3549954966644
40201,18531.1181824837,34.7159783514002,235.553526614122,44.986032652257
40202,55954.4328660836,25.4264901043194,244.510097965043,32.3380654747669
40203,10530.5703466211,48.0907943750284,237.929489432396,66.22503896107
40204,21732.4508209553,36.0403552037675,239.084438084546,49.3343942195708
40206,27947.0257907094,28.7710192449726,237.462994297431,35.7555579068848
40207,20704.7398660903,33.6729789851175,237.554438876754,43.7179525181024
40208,5740.4937512031,57.4606914866938,239.23428178335,80.0418393293495
40209,26323.3241481437,31.5045727918063,237.177336161479,39.2960608981073
40210,31202.3275048669,33.1467384103069,246.118766202065,40.4638546747931
40211,15632.1906275967,45.9638063228532,245.025202898663,57.9294446667488
40212,16488.3333672455,41.7045499817333,242.374062573742,53.1224007363396
40301,26428.5437042926,28.5443061039458,241.089324212904,36.5349995917871
40302,13173.0320550088,52.3283829845013,241.218687629362,61.0351261418731
40401,27187.0999110084,33.1858497164593,244.786757386066,41.9745120752669
40402,2213.4587889998,79.5949159616615,235.29337982345,95.7296606452516
40403,19650.6110171163,31.7550956686267,237.098236827534,40.3025955830917
40501,17553.1620783526,35.4374964794057,243.474565898768,41.1113975939304
40502,13995.8449381044,33.5559594782956,236.769242482689,42.152891109688
40701,11046.7364345261,41.1493154167624,237.601042746237,56.6846456483567
41001,37535.3369607712,30.9492071147436,245.49964575452,32.2928408433906
41301,21561.0123764279,32.8135602611541,236.531497382783,41.6476294259681
41303,19103.8932401597,30.0643727923866,235.605857917329,37.4582318705953
41304,5155.5737975093,52.8031235106084,236.048763014427,63.4407429280845
41401,3538.5008130061,74.6183685336111,235.118967382768,111.564152292048
41402,10574.4893157315,45.0869184877396,241.521559472356,57.8492149467762
41403,6293.7891022058,49.7919974851333,240.357880579654,62.4839174162484
41404,5254.2959952028,65.2317431949128,243.659278405483,82.2584111130824
41405,29203.0025266309,32.3385575425534,244.213254233356,34.0470341403113
41406,2928.9236086001,69.4462106051282,234.887278940493,99.2439613268268
50201,23925.8681677737,25.3829260765911,234.469488313854,29.2530308504978
50302,78016.6187100072,17.0767833734363,235.708171290529,21.3788803578065
50303,80027.3527779974,17.1018339064383,236.310799876068,21.4379186912016
50401,39973.3324131608,22.6833976000437,243.877351874775,27.7361126310329
50402,54490.5418517216,19.7773269631503,243.047548922059,25.0350092178241
50403,59793.9010193523,18.828245439343,242.515969717112,23.6748014494549
50404,52963.4806497708,19.600858745729,242.457143706816,23.8953655115292
50405,40940.669857351,23.4613489254974,240.392785187683,29.102373056142
50406,36557.6799843579,21.5822584660463,242.811500309332,26.5909550700848
50407,46266.8621421789,19.6986378139289,243.429119472881,24.7189925813904
50408,29367.9321149574,23.8922009556283,243.217490598632,30.202972117411
50409,41783.8439071854,22.7949866890027,241.851977623863,27.7766569764091
50410,46922.8830951748,19.908243749162,243.277818047604,25.1414027220916
50411,64057.3582233431,18.9345819617958,243.949332101513,24.6703294509895
50412,37942.0802009848,22.7667160955662,241.15803508719,26.5199645784098
50413,71419.8304785211,18.2526149668813,242.827835731161,23.1029257165494
50414,54035.9241230059,18.716060735094,243.48382995689,23.8437821894916
50415,46007.0879639874,19.0813543372105,242.491110820173,24.0263832267911
50416,40326.2835366141,19.9751932340879,242.158493594438,24.418070169222
50417,32798.2256745716,22.4244031617203,242.635116286928,27.7941210676009
50501,15559.0195443949,22.7629216175231,238.626678198932,24.0715160115715
50502,14588.7683507753,26.3947652480771,241.075990872271,28.6721015035793
50503,47554.7860268195,16.9008041862303,237.051774503955,20.3201391999802
50504,33949.1407281825,26.4777150422014,242.147705283442,31.9694929091007
50505,28239.6233614833,18.2146152573877,238.236443143371,21.9018594801907
50506,26559.7218516677,23.1829765826967,242.576078314121,27.6866661336131
50507,25165.1217841501,20.2408081982011,240.060290463278,23.3730049456323
50508,30431.0444510478,20.041360987589,240.38190622103,23.9441845595581
50509,11154.2940782015,28.3592369355488,241.183674879215,31.7212217840385
50510,38814.3359314292,20.5107354981099,243.399461481694,25.3695009247084
50511,38841.4289109245,16.0979615463314,236.942352675073,19.4219677271021
50512,32701.5385499723,18.6281906857973,238.889150007756,22.7659899364935
50513,31791.908043176,29.7585578516241,243.092060030322,36.87151235034
50514,19356.2952481658,24.8456829845552,241.745842674496,27.0553735102381
50515,17297.5434660045,21.4258141519156,236.345464082534,22.585325904075
50516,41819.2838419688,17.8546273985205,240.584627317855,22.1617441914083
50517,56354.1262109623,20.2736662602672,241.960074736003,24.3028947701244
50518,38518.2166783852,17.2924881316206,240.811341673633,21.4750900298456
50519,36574.6234722666,21.7754749261696,241.326343370406,25.6492545540243
50520,16108.4550096726,27.2664938333347,242.847973564075,30.7811762531921
50521,8661.4102393006,36.9886876937777,240.157162958476,43.2846336631095
50522,30064.2195662025,21.6046158542142,241.293483319973,25.6063618320035
50523,47723.829464131,21.7634053087117,241.01939452967,25.9546650254005
50524,40362.3696223043,21.2516839453142,244.263804938342,26.6865760746947
50525,11213.0910739159,34.8884298587718,241.784381307934,41.5434897861087
50526,19391.1653216286,24.852112094573,235.806063073294,26.8209461365277
50527,45941.2411902119,16.6789243039818,239.276969912767,21.4685616418648
50528,36550.7729302919,15.8364464401729,238.380881472568,19.147877255736
50529,73628.136525897,19.5459325098354,242.856392962395,24.0812627582929
50530,29444.2483154704,17.6023224245764,236.048341150864,19.7572659789029
50601,12257.0029765753,29.0658295024195,242.687805572027,33.1813365021428
50602,22852.7360026835,23.8812452268954,241.621434376588,28.2828450397766
50603,13630.8769085031,30.3175270807596,244.659223764278,33.8695415327539
50604,4055.2688419997,50.2501382692269,240.989477480039,68.703606620238
50605,27030.9349112232,21.713577460964,241.537412929459,24.8190537817899
50606,14265.9326234514,25.3339738322137,238.388409056389,30.058674850475
50607,16598.965317743,22.9898564733509,242.547902834435,24.9882238988806
50608,17952.027678095,25.5190827094465,241.935049310587,29.6514425337114
50609,15139.7659751711,28.9668927029898,242.978859565014,33.627755502926
50610,12454.7425129293,28.4336690738488,241.812429192262,32.6178980780341
50611,5651.6091069997,50.9019748190448,238.598789481902,68.5181226272618
50612,10356.4785094028,30.4603709796907,240.434725987592,35.983856038347
50613,17763.5287156848,21.7511325982055,241.262311801445,24.2730689886061
50614,10536.0106129943,28.6791462478515,241.712409883519,30.5954236581044
50615,2921.835081,71.4378724358974,231.531107378205,106.251764725
50616,17838.882239557,22.5369872486493,239.217243150945,26.4089367183644
50617,13351.9391280407,25.738230920237,241.068985616905,28.7407362475607
50701,46192.0386571617,22.5195994813239,240.854799525845,27.3810840940224
50801,38934.5169042247,20.0431684311957,240.565350723088,24.3052654533963
50802,26818.3590497401,22.0079453466702,241.287211982367,26.3374928668079
50803,35735.0188355315,21.2216289393616,239.332088081285,25.1549784532542
50804,70831.3650612909,18.2978135638194,242.437123215308,23.9546755391246
50805,42039.8327565942,21.8364086577744,243.102696819717,26.3078458126129
50806,38582.948697609,22.9912264950014,239.223738434385,27.5092311633266
50807,21964.7138265629,26.8091707043875,238.989627018407,31.222677474738
50808,27497.1421484326,19.6402224230171,238.414911410789,22.294400652867
50809,16058.5121305144,29.9966892573216,239.573519634096,35.5316898841163
50810,22728.5548534177,24.4618138311655,239.929617068305,28.7323962394431
50811,26886.4948859893,20.5992073539568,238.101897425632,23.0063829463347
50812,21896.7234581543,25.2212724200623,240.125086681682,28.0732097190311
50813,29171.4210636877,20.5165676675628,239.855273161553,23.4888063967713
50814,41319.6962313729,21.3966275731597,239.861313865235,25.9400903509856
50815,42156.554150946,18.4872785712567,237.375580168889,22.1841205770939
51101,15594.5676796952,22.527162724936,241.675920672298,23.7595653130352
51102,8124.0788695362,35.0496800940756,241.326830809563,39.7702236642964
51103,8729.1683328864,23.7277563066889,239.097873466571,24.9236827806683
51104,11147.4680163837,23.865785552984,240.201371750351,25.5994281633282
51106,10931.6650543676,29.9886850826609,241.822193785715,33.7379145119468
51107,12284.0328556623,24.4842959315619,242.007994236987,25.4673999674049
51108,11292.9328283979,23.2648405414334,240.735599899496,24.0909631246241
51109,3211.8339021419,34.85237420625,234.093446786105,34.5685048596725
51110,4940.2826264509,25.0814580245,234.356769037297,25.6806495577836
51111,16603.3870622357,22.0145918496119,241.402028614506,23.5081667074952
51112,4491.7932399481,27.7586568370436,232.900941705721,27.971273223652
51113,10189.1570864705,29.671462539025,238.397077139321,34.5999058376952
51114,9128.4246160416,25.5463065482812,239.602357766484,29.0927089708013
51115,7979.377870109,24.0873806089283,238.599874369226,26.076708887273
51116,12273.7216013678,24.4068692411805,241.379317232574,25.443104279464
51117,17440.6108091043,23.9066626179008,243.219152506222,26.3287376459256
51118,3965.9549395848,46.4875193159136,238.865819242934,58.7520559005471
51201,61184.2963808928,17.3833394787482,238.856423061539,22.3538545321704
51202,57964.919475545,16.806198949456,239.728386608,21.3654583934704
51203,47620.361040121,16.8561678077199,238.30658208887,21.091559203273
51301,37558.5048989309,21.1081465736418,234.82133212274,24.6666175703243
51302,53161.8373489945,18.9414157285599,236.464365362308,22.0588951112529
51303,57711.5885878819,16.307734902658,234.013354044939,19.9126991000416
51304,49912.9061014562,14.9821160620014,234.327326828021,18.2611825375408
51305,48678.023219816,15.167809319643,235.813189490193,19.509743318294
51306,25927.5048795875,25.6132955189585,234.560922469011,29.0526213383158
51307,49745.6089900381,18.7550395374476,236.028144238608,21.8070358399035
51308,36991.0191073754,17.4791424829466,233.788568977321,21.4084927730657
51309,39849.1501580144,16.6418401449877,237.795875617185,20.347021450597
51310,48087.1380595654,18.7296841149309,236.344634054077,22.871682176015
51311,23698.980744873,27.4211893096165,237.14540139295,32.580316521122
51312,33277.3022046321,24.4459984926313,238.63333650159,28.6755980162347
51313,22799.7502720604,19.4310786468907,232.925257109522,21.1613308146683
60101,85924.0235740366,19.8696303924402,242.76907394297,25.4013580658213
60102,37196.0967802105,29.4773667013075,243.708115430929,35.3845558970992
60103,119338.92693218,18.814419289656,246.547992843167,25.9902380642799
60104,115646.484847746,17.9135542418957,244.624275751209,25.1192118253272
60105,92498.0132603331,20.0517428070054,244.795185656166,26.0259467125789
60106,17872.2360555487,38.2376838477555,239.372525104789,44.4067349428664
60107,58113.0316010003,23.9329114515102,245.953318931716,28.9461320894424
60108,10424.4173360829,51.2344454332828,248.696920846277,63.5511271376738
60109,73200.5609954575,21.8371578739141,245.597231693751,27.6377107307663
60110,7030.9895611173,59.5245903836983,238.920986132553,81.7497583712692
60111,59068.7424499699,23.3100845792297,246.754092229676,29.7650810135278
60112,57408.4060016924,24.0075436861797,243.864387869493,28.9839329259283
60113,37504.5840466941,26.8165176785838,242.500867632948,30.5686844153924
60114,19463.4669454067,28.8390115993172,235.193819630855,35.4873275515827
60115,75154.1872108109,21.4321834486233,248.770137531148,30.0662479986379
60116,5753.2386035028,56.4281791330468,243.360056276306,71.8385223869038
60117,25831.5484364314,30.167360363265,243.683514842528,36.334111102546
60118,64462.9534720037,21.9099924349474,244.702590267946,26.8227707648494
60119,80417.9679364018,20.7117456888662,245.772267697405,26.5196772064955
60120,38664.1009774324,28.4700089758368,240.340440553875,31.5132243744804
60121,148129.51057964,16.715613476301,243.856419842316,23.5547026528241
60122,19899.072786451,34.4528062866481,244.180315842671,38.3191832792631
60123,2697.1843475003,82.626654854829,235.923575199633,132.082395093759
60124,60196.8231229844,23.6715672864407,245.665925469221,28.7927168592048
60125,97185.0364063703,19.9346039352418,246.22584132525,27.0425772654091
60127,46271.0103452548,27.2133202850072,243.318137012478,33.3424930857856
60128,59956.7268479105,23.3826323859134,246.465190928631,29.1350368780217
60129,114490.160715673,18.903513505485,248.713606731355,27.6211584421746
60130,100830.050185792,19.5541539127422,247.884328422003,27.5936155067574
60131,26133.8439840032,34.9709095341938,241.163616116992,39.6384508778943
60132,49697.0388030427,26.011644976549,244.76397381639,30.1664390462722
60133,13078.4208910978,42.7853654399447,241.994129819199,48.3804253482258
60134,23168.8067528483,35.9239835438076,246.299003182685,46.0789241231516
60135,71572.5246822297,21.8004753179421,244.269001200007,28.2015032209783
60136,119711.081676804,18.0842584009799,245.407051228785,24.8621234160597
60137,48196.0444976315,25.4378178561705,243.73280221717,31.936067468922
60138,27709.7139464839,32.9855200372304,240.924577289419,39.0939782870567
60139,33744.4528916785,28.7626850339483,239.599311462831,34.9774326735641
60140,65478.4207418427,22.4379012345739,243.540947392982,27.6029140057138
60141,18940.2150551091,38.7642271979559,241.658690474087,45.2663358729388
60142,90632.8567863729,20.2455674139192,247.405437563316,26.9574529963987
60143,54174.4405581446,26.2255205022887,245.541642686469,31.3981140878267
60144,8807.3569995068,50.2907427981962,239.518318403577,67.1073637696798
60145,131053.712815955,17.4246230429236,245.783703393081,25.4457375897271
60146,56378.3957069186,22.7355500359366,242.707246305436,26.6818938941356
60147,7793.304294003,59.7224592500254,245.69801321998,78.892915398588
60148,31603.7026351069,27.5451449045305,243.899450364724,33.5806103060076
60149,5306.6032976648,53.5701523156255,243.85816511857,65.7466183378263
60150,101440.220363387,18.4332423965505,242.041053883741,24.3564639995928
60151,35000.8954207285,28.8702599330344,245.020626241453,34.1070651121626
60152,47191.2523778067,26.2783928979336,243.988229487004,31.8821711679766
60153,106407.477990669,18.9081663936997,243.201090543256,24.4808964785232
60154,103714.026859453,19.2268651566271,245.801297805985,25.884344201
60155,43039.4679221115,26.1459717433949,244.745810717653,32.3946588821195
60156,49343.1787127809,25.5535223453791,245.275067943711,29.637091375463
60157,25452.3664087478,31.2878562330666,243.728037119984,36.1549016853237
60158,24532.5036548638,35.3255994287376,242.623500045419,37.742563623847
60159,15091.8343734638,42.7314969514279,241.105847198596,51.0699172841939
60160,124513.069739189,18.181670919633,245.670496688563,25.5848277121003
60161,47789.3761781206,24.6693779693673,244.696009653099,28.3116608124602
60162,51130.4834848378,24.7581272936636,244.129016253112,29.9542577314331
60163,48887.4956553999,25.7740474746641,246.597236696574,29.7150457409959
60164,36651.84957754,27.5650010762347,242.26754711823,33.6080386188816
60165,37573.2558953739,24.1699321471989,237.061790600495,27.1197181493615
60166,107480.237434787,19.507016775711,246.256569581638,26.9244058553479
60167,112054.967794336,18.4206883922381,246.677428315499,26.2012730783576
60168,32121.5493899909,29.2747991075746,241.450223347343,34.11254528911
60169,45121.3765177018,28.6657267441188,244.663385413019,32.3054080194134
60170,43058.1318613503,27.3459814307529,244.782796834574,32.7906889214774
60171,21457.9038208413,32.2033042424744,244.953664702248,39.2128107452278
60173,72982.4955419101,21.7462475544035,244.378625474353,27.3237313875271
60174,70593.7505324653,21.780875744448,245.433099958032,27.2578358705396
60175,38618.3499692834,27.5161866022563,241.685004598553,31.7393520106307
60176,75281.9446350407,20.210860036692,243.361399721415,25.1844446123481
60177,33360.1700933171,27.74726939282,241.369255441219,30.3823538418494
60178,55945.3715968621,23.9662280359818,247.797350509136,32.4698547526452
60179,19657.0537226739,39.991687693283,244.449257347297,50.7357219136074
60180,42043.5504764579,28.3071367685753,245.489206100753,34.1892087482608
60181,44277.2571819137,23.6242579389167,242.448689739394,28.6308236512418
60182,61685.6474183766,23.895351015262,245.053510454067,29.4721870389453
60201,34277.9278219157,26.1663943509505,245.893721979106,32.0650983174414
60202,66025.8139220223,21.9792548702866,239.906478824471,27.5532412329726
60204,43169.8483753202,22.2400729990521,237.794101497998,25.2492993534147
60205,62030.5010075936,19.6397799451449,238.071912165697,23.832040256232
60206,57055.2169719341,22.7678296543382,238.670239730906,27.7702918830889
60207,29745.2138051193,29.757427158172,245.319432188544,38.4730964416093
60209,65280.9269707418,21.3253637533906,243.38349311067,26.984621356569
60210,58444.9735429688,21.4959999518838,238.303348044982,26.7040930674303
60211,44698.19903123,23.223637320506,242.284203847708,27.9301694793383
60212,70161.3320127045,21.2277764983604,242.179387086928,26.5180447950295
60213,22930.0902773953,32.6641385855091,241.98156515419,38.2834372980273
60214,26566.0229454349,29.7846636252642,243.513562972517,37.7806073585764
60215,27327.2830417731,32.0133690644269,240.416522500929,38.5186783136743
60216,6981.8593055147,44.8148409632356,239.1445657493,55.4520499681
60217,55195.6254770988,22.6354198563078,241.433026105257,26.641147943086
60218,10001.2728163857,49.9816805543827,234.856363949886,66.4340355320074
60219,6014.4911120217,58.363115864437,243.247876859203,73.3414687196456
60220,15363.9983616215,39.5385699122585,241.764102282775,48.686052300867
60221,24766.8423843107,30.2956123633731,240.094937139673,36.1293254547979
60222,11165.8456202663,42.5901826960771,245.441500614494,50.4539153328229
60223,18396.5429794308,37.5020545880262,240.25415438107,43.5760616300208
60224,23505.1261262809,32.8557799564818,243.614517732757,42.8645293398322
60225,4571.8178880033,64.1056392206824,235.901425502536,93.9606787183563
60226,19858.3925563994,33.3816770038998,239.759406270602,42.1373896969136
60227,20643.8235966935,30.2014385678147,236.021892782561,34.6918184940777
60228,55278.766878368,20.7480004386469,238.512592944328,24.4865941862219
60229,21206.1803691507,34.4988596533402,240.485423302425,42.0084033733377
60230,63299.1896013927,20.350449955134,239.455436017012,25.3594906173431
60232,16533.4997660352,35.9414792861562,238.606531016166,45.6114305309606
60233,37489.8957340658,24.251462059088,240.895882012444,28.9227917445967
60235,39816.9662514424,23.9189765426888,241.094778961105,28.9506812128285
60301,17558.102745095,36.5916493252986,239.501101863677,42.1666624681434
60302,17749.388585111,41.0585719208267,243.203853775576,50.7396375707893
60303,108416.405185466,18.3537871157745,244.044363270914,24.342798534725
60304,16782.119792566,41.0719244178136,239.840105806326,42.8333443394275
60305,30147.4090146919,29.9615560702553,242.637536560431,33.7131647325456
60306,17489.7155425093,39.1542739317415,242.286639275986,46.5492686607437
60307,18008.5769861446,33.4218018753288,238.773391464306,38.0085244897311
60308,46523.2715040862,22.5594019725421,238.341420282799,25.6878174511721
60309,77048.1812420534,18.6953340993332,238.341356337001,23.5030298952309
60310,101924.724552878,17.1957727763584,239.65916028168,22.8193651965386
60401,4361.8088989968,68.5995158275862,228.895526505881,78.6721924867158
60402,12482.0334393445,33.9596836196586,237.137345950462,36.0428031804728
60404,38034.547128,23.2549158566995,236.989567827275,24.5416178254658
60702,20044.0040891651,35.6840414764799,243.303054197341,42.9995793264523
60703,76863.9360398561,19.5959194991735,241.490659761992,25.6090370228717
60704,180325.868678713,15.862630555108,242.51193083689,24.3310235308979
60707,48094.4908493234,26.2296936705945,243.293290418873,31.4786322720574
60708,46467.4502964964,21.8486144612503,238.9310074125,26.6285522906816
60709,75414.7104025959,21.511946849747,243.951397972382,27.6824286462519
60710,49888.9623628407,22.3626855553654,239.217951074089,25.6520376367476
60801,32750.1121577985,24.4004926322198,236.20650706647,30.1506554169207
60802,14879.0774135179,30.3963657158202,229.170755299385,36.0127545663475
60803,31481.6250374769,25.938352725904,237.164592309771,31.8381159646294
60805,19176.3063657801,26.0631295375494,232.592437688668,26.1853912372483
60902,3275.9942526,71.3690037863636,241.499775718384,103.324714631111
60904,34256.7315510033,27.1286694642775,242.794536031336,31.9172000114244
60905,9076.1541560122,55.4399595485316,244.679760946498,70.4220029763
60907,35761.9157548793,26.0274434671952,242.097719051013,30.508141132257
60908,19867.2321462074,31.6820053787983,236.849445429288,37.9309191177225
60909,17483.0689520901,28.877590132421,237.527824196465,31.6422977745258
61001,12365.7076719997,28.2516758157779,226.574906508181,24.2478923072975
61002,25547.4741682483,25.5022980161043,232.486049514937,25.6232268185134
61003,42255.2712945173,24.2755912194146,235.754572631943,26.0595519478159
61004,10857.8028152643,34.9049021044141,234.181374102161,30.9856010398579
61005,6112.7777408425,36.0522041195428,213.32662731095,36.6380305880839
61006,50316.3604734193,21.9266666384025,237.901867375218,24.1441350425876
61007,3470.0370214997,48.1901290999954,217.862019764243,53.4243811538346
61008,14556.1066455121,25.5131190104592,227.954908133001,25.2405021021603
61010,16998.1637370332,24.7622868913998,229.71263049857,27.3499656494975
61201,36247.7418366684,23.1165298098133,236.791959840381,24.8157135117107
61301,5846.8720205183,56.342375125192,239.948112030657,75.7590289033447
61303,6185.2996810001,36.4939617351358,227.925834938555,40.4514921685899
61304,115750.983956928,18.437114639225,242.422150329322,25.2574948488175
61305,31397.4556481146,27.5383546674903,243.854693264225,33.90045399238
61306,13420.0423188647,38.8713675765019,233.917195089258,43.8692159540011
61307,22354.4559908283,31.7857728606825,241.228179716244,39.1600153011231
61308,29056.5716584999,28.4197334746701,239.26329866243,34.5870022533605
61309,23434.2943194641,33.1426964057107,241.736801407252,41.7906986916542
61312,10418.2606765507,36.1880173554247,235.095315124688,42.5223101390029
61313,2547.7028590061,63.4681760792763,238.218861859406,81.3490873849949
61314,18934.1389017854,30.0955634940222,235.417078199205,34.4778784217412
61315,30396.3791858626,24.4350244493511,232.660164137016,26.5325483690683
61316,31551.2363655543,23.5719713400354,235.494133215312,27.3901637705539
61401,50416.4937351975,25.7633140523867,244.504372048469,32.0590131291531
61402,28422.3417112152,29.022867335529,240.553509181877,34.736128670474
61403,50674.6542669867,24.1156737289487,243.834143891253,29.5926067739211
61404,22024.4948907311,27.2653095896008,236.793198226298,30.7076253293598
61405,21012.0947390673,34.7881872903573,246.362795177469,45.5728784207769
61406,50748.5808794536,25.9680606998579,244.809229726421,31.5615852762945
61407,22808.1636618257,31.8773884420154,239.556396492148,41.0479796758701
70101,9935.343513055,51.4159796478645,247.032412135125,65.5165687346198
70105,14927.7666590851,42.0019578513556,243.225448249895,46.2921476509377
70106,36124.3624866191,25.8024892427638,241.055592230711,30.4406514083157
70107,4218.2910638258,51.02973629791,234.983186213316,68.3187469172938
70108,9134.8365650058,46.670461546518,237.223250219292,49.9575081283575
70109,9587.768520716,50.9348621940739,245.429121162271,62.2180580342165
70110,6118.8588394968,63.6739837772435,240.591577691914,85.0948951764079
70112,10717.0378208988,49.2135423552,240.179281662061,53.4671846486127
70113,16179.2248276015,38.5497937111794,243.371311703703,44.1680789938482
70114,7233.523678512,49.8950522079042,242.526567138956,67.5147349307667
70115,4202.9497350003,72.3197605535661,243.079984588042,95.1264692586207
70116,5796.8640805061,49.0019458965378,236.7233227442,50.5590776080688
70201,6822.7793385488,60.3426362772699,244.002107874508,69.9298824539639
70202,30957.8626249183,28.154121077229,241.527525921748,34.3806674975767
70203,9296.5688260233,55.65021505645,243.899697016281,77.5553295355376
70701,5119.5834469998,47.7905587596154,236.492609491797,59.3069559158841
70702,13995.6541896926,38.1154272721388,240.697511664258,47.6909811246047
80101,89095.5126401957,18.0830622537966,245.078439006383,24.6959978060057
80102,100514.079909465,17.5151392048039,243.405338522872,23.9567507173325
80401,34140.9773774308,18.9647659277136,238.617494576804,23.207645215139
80402,112486.905115705,15.3556332503057,240.953823567389,27.193869836231
80403,23516.8062293042,26.67663365805,241.721796414988,31.4167304298803
80404,39582.4568451821,18.3547616748324,237.924416120921,22.3333975313211
80405,64366.8049476879,17.2209723988264,238.286813513302,25.2877359615634
80406,62530.1748023792,16.1906869857405,239.166127374429,21.0020224815883
80407,11996.2052746045,36.7225376889141,235.67873978581,42.5708531471183
80408,53755.1210745248,17.0429760368935,237.537219541364,21.7844154560569
80409,75390.2688625642,17.9384937683145,238.056133695413,31.3603102407564
80410,15068.0136428084,29.4855708688062,235.638048739815,33.1659979320667
80411,48000.8383870253,19.4581871993221,242.374716191325,22.9892468257813
80412,64957.0098113622,17.0056110842369,240.975568175933,24.7112427479975
80413,44642.252763892,21.0063069857575,244.72690120047,24.0427628763151
80414,19819.5706886487,26.3468049100966,242.975025059945,29.3507575630518
80415,73978.2971580287,19.0015912861091,244.641069690554,24.179014374308
80416,39959.1345202205,18.8223427528059,238.467728919447,22.8932374556354
80417,72571.9105655385,19.0996982282382,244.019350211088,25.1007253568428
80418,33552.0741758963,19.5921246639182,239.230946338303,23.3885212246855
80419,45428.2650908337,17.9436706086234,239.871402317102,22.331682440105
80420,11026.1396565144,31.2502045264394,232.995918845815,35.0605919406253
80421,61676.2107061619,18.4436556545709,240.382446200739,30.0997930437559
80422,20464.4818639835,32.2547505993317,240.692904629252,38.7870308116817
80423,29750.4086345566,25.7080365589041,244.871112075261,28.7689029449953
80424,50053.9502295586,20.5853538818641,242.97232190864,24.466320181588
80425,22048.8633977914,27.7882030488947,240.121112694525,32.828645936806
80426,41038.542511707,19.9490075713102,243.433521192878,22.8976044170045
80427,44979.5999769413,23.0671448375509,244.906321738524,26.7453895023711
80428,54256.4611512567,20.5524848571044,244.446963367465,24.2996160006961
80429,29647.0774790837,23.0659119169801,238.195574222308,27.1347726746314
80430,30344.4831144747,25.6317612567306,242.111678161744,28.5574085393088
80431,55872.4723451,16.9877928472618,240.101966456655,23.1333483986915
80432,39008.4408683821,20.2776893001723,241.927371154879,24.9164049532109
80433,55356.488908748,15.62421410529,238.623298825691,21.28133165345
80434,56529.727978728,19.4322274431071,243.876745788806,23.9631751628419
80435,21222.4267709052,23.9329330276279,237.811277620826,26.7590722436822
80436,79288.2194062709,16.0076061926507,235.650015054209,22.2564699917523
80437,51110.2042955304,24.0778254275063,245.18447745379,30.3791349631667
80438,14756.9182370882,40.8417582091839,245.108015671953,51.0738544291258
80439,37845.087129679,24.3140052908881,245.511953677897,28.0206563052823
80440,76218.8394650857,18.9475390254871,245.47851427134,23.9673327081139
80441,54451.0863709451,20.653542292376,244.520983208539,24.8570878413747
80443,27460.9286690326,24.0637560599412,243.247573716843,27.2452114583042
80444,25108.3189155928,21.5827267643951,241.546272124614,24.749043746938
80445,120213.17699661,14.6750074090987,240.110568762132,26.6406621720707
80446,22353.2005517695,22.3752213399354,230.7733614215,25.924284023242
80501,73029.5643571223,14.7644112225935,237.222015479036,20.5329830632651
80502,24815.0877239451,19.8318142194092,238.088492333059,23.1323417871439
80503,29924.3284827323,22.3059744248346,236.965285410569,25.6711450597623
80504,40936.8897416904,17.7406197176073,239.820047418268,21.7371816717
80505,15631.9903396976,28.7676845446693,243.699916214571,33.2078908546058
80506,4700.5282024989,32.771499414103,225.05170074678,40.5377805657704
80507,10017.9698273245,33.0310140989299,229.70197607743,34.2872133327404
80508,7183.7981220001,34.5998149421005,232.350624565177,38.5446444594586
80509,56689.2695379834,18.422610667447,240.825479530768,23.0723581874972
80510,29464.6107000552,25.6867581258885,244.771140510447,28.6460775419531
80511,40585.4965210288,23.5693622361666,244.395655116755,26.9792745689871
80513,21022.427621947,24.6391260006436,234.419760082794,30.152494585769
80514,55165.6195637976,22.1226744430078,245.160538513333,27.3698909347783
80515,15323.3206423634,30.5696828123346,234.851970473353,33.1213120154456
80516,77508.3186656981,18.1413154682339,244.169976833415,24.8024323066615
80517,12045.2672015717,30.637734429162,236.520832183241,31.3628873151593
80518,83327.9584314695,16.8538103552016,243.091183333597,23.4971657534361
80519,33844.0271464553,18.5046561684146,241.889988081645,22.1212649572851
80520,29587.9406483937,21.6580055866851,243.809798351483,26.7560896247021
80521,17238.8441350412,33.4728752800669,238.100295739312,38.1441846159616
80601,34812.0102109457,18.1491764779645,243.081695686962,21.9137044899872
80602,12552.7347193061,26.7410289233081,228.18266537665,25.9621259997678
80603,17833.2302756411,26.4036186483384,242.903987667581,31.7371613429235
80604,6343.1118239468,46.3235357607963,238.899503285777,60.9843709099185
80605,16895.7679397309,23.0902111365469,242.294679935887,25.9695626579945
80606,13924.5390135035,34.9200940261382,245.399218424859,41.5939830957463
80607,16314.8781611426,33.3333060625809,243.809428050897,39.3000962792883
80608,52532.832242476,17.2783398406782,228.370334186759,20.3926093681664
80609,23192.1701829256,21.8813512812566,243.414226847373,25.072982677072
80610,21607.8530111425,25.2345617052096,240.613980909681,29.6186161343037
80611,26731.4302437383,21.3412767049906,242.586692048043,24.9435314439467
80801,12410.3201195049,30.2146190943564,234.364899146159,33.2809331156647
80802,7150.6438992962,49.6594297186604,236.164367230677,65.757816997231
80803,3310.8616859997,49.5498024206254,224.199562489035,61.2461717856971
80804,22307.5955455277,22.4470533215371,243.434675768127,25.7738678221102
80805,27387.451065548,19.0885925160116,234.007010907733,21.7495550870972
80806,15554.4819847364,26.7567945159485,235.241553007422,29.3012185268516
80807,4240.4086892955,63.1484713276831,235.844353471489,88.7718922605288
80808,33633.6517186251,19.8905319121359,231.986399635617,23.6966339582369
80809,32894.549891344,19.3736165639808,240.95454756319,22.2159220028916
80810,24842.9448554875,21.4188718823008,239.129692029411,23.3666343019901
80811,10735.7691317058,33.4463897950655,239.019621364796,37.3124601803712
80812,6629.9360530029,36.8050999415421,231.190143007765,46.8010776126435
80813,30232.2196479823,20.3456880583176,239.179152472202,22.1963820314218
80814,53694.9515295699,17.1084050171072,238.665979563105,22.2411855973742
80815,14369.6294989937,25.5827159094435,241.664678994783,27.947656065848
80816,18748.7709178207,24.7958055150937,241.046602135337,28.1392103988169
80817,27727.7998345944,20.1143397380639,242.021753762136,23.3950676693649
80818,24290.2017287271,23.4629760117138,235.106981835072,27.2490136040124
80901,16456.0894093992,32.8941790713682,243.634525536784,36.6532053459533
80903,5360.4122880003,51.73106127,240.463770994435,68.9786637641623
80904,4367.8244881091,53.5704612799304,238.845293832234,67.8346458553413
80905,4856.1269655025,50.9114569494539,235.651581421522,68.807128610639
80907,18519.0947439681,30.8284554916645,240.954086511127,34.7831534796153
80908,2790.7601909965,71.756814351327,232.443377514794,102.026768841921
81001,21463.1069579592,21.298382942414,239.384964182674,24.3792384328118
81002,16297.1666900144,23.6437323300744,237.564151230909,25.3235884213446
81003,42131.0894601126,21.0141140772311,242.115897826503,25.5699897170396
81004,7774.4188934995,28.8354506418779,223.348593721469,27.9926680089158
81005,2806.2489309997,51.6558151568392,217.632763438624,67.7752766140246
81006,21785.1554106758,21.2137315323707,235.107510737323,23.2589107168961
81007,2569.4622795003,64.0448483026316,233.276973086385,73.9317059743744
81008,7339.0811098087,28.7716288363037,227.73564106435,31.6415890078519
81009,4522.3074240061,49.4280647169723,219.950838100413,53.2498900001336
81010,4330.8305785932,51.7910191554259,229.123651867647,70.6908954069671
81011,3547.6920679994,46.1793993055181,235.116952824492,52.2058179545216
81012,15503.7132819183,25.7348848168182,233.393490230199,29.3696711819937
81013,23950.4869761136,26.9418741813484,239.421140964736,29.9888605139642
81014,15426.1943739716,23.6929722878615,234.805227596406,24.986302996755
81015,10587.1819722151,31.1814506383158,239.617135195269,31.0729861492672
81016,18796.4416907445,22.8363337764012,242.238312160234,26.0018899843349
81017,59353.9225320816,15.9451607557352,240.955595201323,21.1296362753958
81019,27381.3677599772,20.3477118210775,236.437788150726,23.1303649685739
81020,18408.7773541837,22.7202011643629,238.284585638742,24.4942401997499
81021,15099.9891756655,28.6105744663455,239.887774506239,31.4943822981733
81022,22378.9421282373,26.746115581928,238.884982436536,31.0569036346243
81101,4921.3452042204,29.0421857708162,233.498426033593,32.6555013782443
81102,10562.0513849846,29.7280154265539,240.710644798609,35.2587828002742
81103,9872.5618602541,30.184020726108,241.285235571334,34.0571196742269
81104,9539.6325998865,27.0931032773766,240.357903500852,28.8991741853715
81105,12587.8070945692,30.687887812676,241.81068003126,36.5399833973903
81106,11397.3033510358,27.1314675402048,240.301841720311,29.9515979904238
81107,5855.2876519169,37.6825891575197,241.856442286951,44.1971168355321
81108,11094.5940837017,30.1798762924932,240.919101109366,35.0443535705387
81110,32018.7464824372,20.1941860414378,237.669365491428,23.3489604664037
81111,15034.502314095,22.5110425478134,240.477879141993,24.9618607478475
81112,13911.2100352054,25.2696493649283,242.610335326355,26.4324393028257
81113,4491.4704760721,31.7920814358481,238.738558881161,31.3913146693266
81114,10425.8707807882,27.3045458232963,240.33370300667,30.6777650228574
81201,55871.245307435,16.0888670415532,238.422972402682,21.492887090664
81202,15115.1974625011,31.8043381335741,236.275163586094,38.8629076939644
81203,28815.7704748527,23.4364015632016,235.993680969007,26.3125158916486
81204,27998.7305893905,22.1939765912445,240.689653122413,26.8500085426303
81205,25030.5874419929,23.1576915979044,238.225391432544,27.081282549398
81206,20658.9130302275,28.2656265156289,240.410226865083,34.463242994197
81207,44056.484943176,18.4138878328963,238.722305322095,23.3774703346007
81208,48910.2561781118,16.5392944806269,237.190537407579,21.6376062746262
81209,73510.5657833837,14.8232754924114,237.417912604152,20.2474662999411
81210,38369.9357500616,19.7331060480987,240.194737886189,24.1385762309512
81211,60154.4192131443,15.6278253562438,240.665396126411,21.1531668837916
81212,21757.0237715418,25.894407022158,234.399873849027,31.113122176916
81213,12021.6764800248,29.492492681147,229.876553753393,34.8114484060009
81214,42813.7352022439,18.3407521966969,235.350539194392,23.3450812620969
81215,86347.4946686936,14.1666384839205,239.528761159625,19.9418301317481
81216,46949.6838501473,17.0307716911444,239.48114768787,22.2293393648294
81217,39357.6199708741,17.1133627227745,235.247851685526,21.5702437324298
81218,24847.1063173106,22.9441252500652,239.726337147379,27.6020520344646
81219,22677.3701823051,23.9604534316262,236.152791828456,26.9271863509412
81220,27888.6825384714,21.6449573849922,236.631063302686,24.4437053511913
81221,75101.5269276941,16.2198629488542,239.352449026901,20.9877266870104
81222,52909.1766872989,16.5971876900692,240.964861293874,21.6047518341569
81301,2930.2889165003,41.0190738581955,230.661534727169,41.83577044595
81302,19064.2784131805,22.6531386690237,238.29993915106,24.6435363642173
81303,23560.0053863811,22.9708755221188,235.676252998013,28.170429028743
81304,4434.7492795031,61.7908559015318,236.390116254435,81.8437953159474
81305,13927.322680315,32.753321877318,237.620383421065,39.1314212018557
81306,9331.891974004,31.0964530817403,234.355216839109,34.246369654676
81307,18143.011884521,26.5962341916812,232.829618035743,33.7946389200592
81308,12026.346555565,30.0246668871303,238.09375681538,32.3313786102607
81309,9020.6384788213,28.5247608317906,226.730728794769,29.2457631177922
81310,13209.4412681051,29.7553897976292,236.109273832647,33.4843595259417
81311,3211.1839610001,60.302468862698,237.538516396762,76.4346044230692
81312,7005.9582580069,36.1421826038334,238.66801145219,39.6846798726382
81313,13173.1184931975,27.4914301662765,228.795395278739,29.5968015240432
81314,6990.2139979995,32.759875555004,232.373769694772,34.6038575022637
81315,4930.5128439968,40.1678379572846,232.276729307247,45.5239232421328
81316,16419.4878185628,25.8800143010039,240.039530280165,29.4850988492293
81317,27764.2583130825,19.6630339589077,234.976813233509,22.1065718562059
81318,8666.147073803,35.4314154144123,235.525444432295,42.0337076230103
81320,21379.8722759831,22.7404541660114,236.656627696641,27.1273717228825
81321,11602.4782860196,31.1370048275766,233.517375494281,38.8079729694151
81322,8367.8508940021,34.577045892352,233.860321782727,41.9055319884089
81323,6764.4027885116,42.3119722900767,236.033239784863,53.4753161802826
81324,4888.438442,37.4276778479928,236.940641575156,37.3516373211657
81325,12855.6448753171,32.0157152715473,234.154734114451,37.1917204032806
81326,4311.7088450001,44.8715750999867,232.363034087945,47.8302631485139
81327,11217.6245271145,40.6894115590359,240.656520844756,52.0142853426266
81328,7110.7821030059,40.8890931528764,231.151554743824,48.6541258282156
81329,4548.9010860031,41.5989665631175,231.752722879711,45.7126697544912
81330,20501.2293512307,22.641738064284,238.307771112614,24.3975299352796
81331,5063.2200100001,43.1477270990775,234.86958084935,51.6699063057818
81332,7355.0129296085,37.3064892835571,234.660763459912,42.7115530586123
81333,3826.4450336031,65.7957806109564,242.682364202198,88.0731195415862
